batch_idx,serial,thread_idx,is_context,ent_norm,attr_norm,evaltext,rating,ent_rawtext,attr_rawtext
0,43,3260,TRUE,臺灣之星,[通訊]頻段,台星的態度就是在等宿主台哥，逸以待勞，準備寄生。,1,台星的態度就是在等宿主台哥，逸以待勞，準備寄生。,台星的態度就是在等宿主台哥，逸以待勞，準備寄生。
0,7,281,FALSE,中華電信,[通訊]國內電信漫遊,很可以,4,中華,訊號
0,13,932,FALSE,臺灣之星,[通訊]網速,不限速卡上傳可,3,台星,21M
0,1,114,TRUE,中華電信,,中華、遠傳，蓋一座拆一座,1,中華、遠傳，蓋一座拆一座,中華、遠傳，蓋一座拆一座
0,10,674,FALSE,臺灣大哥大,[通訊]國內電信漫遊,越來越爛,1,台灣大哥大,收訊
0,2,162,TRUE,,[資費]續約攜碼,幹⋯⋯⋯ 過兩個月續約我要換中華,4,中華,幹⋯⋯⋯ 過兩個月續約我要換中華
0,22,1417,FALSE,中華電信,[通訊]網速,,-1,中華,訊號
0,22,1417,TRUE,中華電信,[通訊]限速,用過後，全台整體訊號都不錯的還是基地台最多的中華,4,用過後，全台整體訊號都不錯的還是基地台最多的中華,用過後，全台整體訊號都不錯的還是基地台最多的中華
0,14,969,FALSE,臺灣之星,[通訊]網速,蠻順的,4,台星之星,網路
0,42,3164,FALSE,中華電信,[通訊]網速,滿滿意的,5,中華,測速
0,4,209,FALSE,中華電信,[資費]方案活動,挽留,2,中華,499
0,18,1249,FALSE,中華電信,,可以用 但app打不開,3,中華電信,nfc sim
0,44,3433,FALSE,臺灣之星,[資費]月租費,親民,5,台灣之星,價格
0,30,2232,FALSE,亞太電信,[資費]月租費,很吸引人,5,亞太,資費
0,20,1328,FALSE,中華電信,[加值]國際漫遊,太便宜我都不敢買,2,中華電信,網卡
0,12,925,FALSE,臺灣大哥大,[通訊]國內電信漫遊,滿格,5,台灣之星,勁速的收訊
0,6,233,FALSE,中華電信,[資費]方案活動,有保障,5,中華,高資費方案
0,33,2476,TRUE,中華電信,,不知道換成中華會不會好一點,4,不知道換成中華會不會好一點,不知道換成中華會不會好一點
0,29,2129,FALSE,中華電信,[通訊]頻段,比較好,5,中華電,頻段
0,17,1222,FALSE,中華電信,[通訊]網速,當當,,中華,網路
0,17,1222,FALSE,中華電信,[通訊]網速,跑不動,,中華,網路
0,32,2358,TRUE,中華電信,[通訊]國內電信漫遊,南橫公路從梅山口到長春祠只有中華電信有訊號,5,中華電信,訊號
0,35,2603,FALSE,中華電信,,燒錢,1,中華電信,租機費
0,35,2603,FALSE,中華電信,[資費]方案活動,用的很爽,5,中華,488吃到飽
0,23,1425,FALSE,中華電信,[其他]手機,很划算,5,中華,iPhone XS
0,23,1425,FALSE,遠傳電信,[資費]月租費,划算,5,遠傳,199/399/499
0,27,1950,FALSE,臺灣之星,[資費]方案活動,不降速,4,台星,188終身吃到飽
0,21,1357,FALSE,中華電信,,支援,3,中華,volte
0,15,1200,TRUE,中華電信,[通訊]頻段,中華電信怎麼不是8G，還在搞4G,2,中華電信,中華電信怎麼不是8G，還在搞4G
0,26,1935,FALSE,臺灣之星,[資費]方案活動,比一堆攜碼的優惠還高,4,台星,買商品送3年吃到飽的方案
0,36,2621,FALSE,中華電信,[資費]低資費方案,真的賺到,5,中華,輕量2GB
0,36,2621,FALSE,中華電信,[資費]方案活動,方便,4,中華,漫遊新春方案
0,36,2621,FALSE,中華電信,[資費]方案活動,網路順,4,中華,學生方案漫遊優惠
0,36,2621,FALSE,中華電信,[資費]低資費方案,網路也很順,5,中華,輕量型漫遊
0,36,2621,FALSE,中華電信,[資費]方案活動,超值,5,中華,新春漫遊
0,39,2838,FALSE,中華電信,[資費]方案活動,考慮跳回中華,,中華,吃到飽
0,46,3703,FALSE,中華電信,[加值]影音娛樂,可以,3,中華電信,付費看
0,8,315,FALSE,中華電信,[通訊]頻段,不靠譜,2,中華,5G
1,51,3551,FALSE,亞太電信,[資費]方案活動,適合輕量上網的人 剛剛好,4,亞太,不綁約
1,51,3551,FALSE,亞太電信,[資費]方案活動,比較靈活,4,亞太,資費
1,283,16664,FALSE,臺灣之星,[通訊]網速,可接受,4,台星,台星使用一個月，目前可接受
1,283,16664,FALSE,臺灣之星,[通訊]網速,一路順暢,4,台灣之星,台灣之星一路順暢
1,251,14762,FALSE,中華電信,[其他]手機,很貴，越大越貴，且越賣越貴,1,中華電信,Samsung Galaxy S20 5G版
1,251,14762,FALSE,中華電信,,非常良好啊!!,,中華電信,S20
1,313,17635,FALSE,遠傳電信,[通訊]涵蓋,#ERROR!,1,遠傳,遠傳我家都連不到== 超鳥
1,313,17635,FALSE,遠傳電信,[通訊]網速,蠻穩定的,4,遠傳,網路
1,313,17635,FALSE,遠傳電信,[資費]方案活動,不錯,4,遠傳,LM499吃到飽
1,313,17635,FALSE,遠傳電信,[通訊]網速,蠻快,4,遠傳,網路
1,313,17635,FALSE,遠傳電信,[資費]方案活動,很爽,5,LM,111吃到飽
1,125,8300,TRUE,臺灣之星,[資費]方案活動,不知道多少台星LM的用戶在搖頭,2,台星,不知道多少台星LM的用戶在搖頭
1,282,16514,FALSE,中華電信,[資費]方案活動,爛,1,中華電信,999
1,282,16514,FALSE,臺灣之星,[資費]方案活動,很划算阿,4,台星,599
1,282,16514,FALSE,中華電信,[資費]方案活動,還不錯,4,中華電信,最低0元
1,282,16514,FALSE,臺灣之星,[資費]方案活動,看起來滿划算的,,台星,599
1,282,16514,FALSE,臺灣之星,[資費]方案活動,有點沒誠意...,,台星,月租 599 元
1,282,16514,FALSE,臺灣之星,[資費]方案活動,比較和,4,台星,新朋友
1,282,16514,FALSE,臺灣之星,[資費]方案活動,比較優惠,4,台灣之星,iPhone SE (第 2 代)搭配 4G 勁速資費方案
1,282,16514,FALSE,中華電信,[資費]方案活動,還要2990??!!,2,中華電信,999*30個月
1,108,7635,FALSE,中華電信,[加值]行動支付,做的最好的,5,中華電信,Hami
1,108,7635,FALSE,亞太電信,[加值]行動支付,像擺爛很久了,1,亞太,Gt
1,43,3130,FALSE,臺灣大哥大,[通訊]頻段,最屌的,5,台哥大,頻寬
1,79,5231,FALSE,中華電信,[資費]方案活動,相對低,4,中華,話費
1,79,5231,FALSE,中華電信,[通訊]網速,較好,4,中華,通訊品質
1,7,279,FALSE,中華電信,[資費]方案活動,好康還不少,4,中華,VIP
1,7,279,FALSE,,[資費]方案活動,真好!,5,中華,買手機VIP再加碼折扣
1,57,3903,TRUE,中華電信,[通訊]網速,建議選中華 不然別家晚上自動限速就夠你受,5,中華,建議選中華 不然別家晚上自動限速就夠你受
1,57,3903,FALSE,中華電信,[資費]方案活動,穩定好用,4,中華,469元21M吃到飽
1,57,3903,FALSE,中華電信,[通訊]網速,很差,1,中華,訊號
1,57,3903,FALSE,中華電信,[資費]方案活動,貢潘阿的就算了他其實不想賣21m硬著頭皮出，就用鳥訂價對應,1,中華,469
1,57,3903,TRUE,中華電信,[通訊]網速,不要中華，要佔頻寬去別家比較便宜^_^,1,中華,不要中華，要佔頻寬去別家比較便宜^_^
1,13,1170,FALSE,遠傳電信,[資費]低資費方案,很便宜,,遠傳,399
1,52,3690,FALSE,中華電信,[其他]手機,藍色蠻美的,4,中華,LGQ60手機
1,52,3690,FALSE,中華電信,[資費]方案活動,真的有省到,4,中華,G8X
1,227,13822,FALSE,中華電信,[資費]方案活動,真的很吸引人,4,中華,588方案
1,227,13822,FALSE,中華電信,[資費]方案活動,很佛~~,4,中華,588
1,330,18740,FALSE,中華電信,[加值]行動支付,穩穩,,hami,pay一卡通
1,89,5991,FALSE,臺灣大哥大,[通訊]網速,慢到快吐血,1,台哥大,訊號
1,89,5991,FALSE,中華電信,[通訊]網速,比較慢,2,中華,21M
1,89,5991,FALSE,中華電信,[通訊]網速,比較好,4,中華,收訊
1,89,5991,FALSE,中華電信,[通訊]網速,反應了也沒用,1,中華,網路
1,89,5991,FALSE,中華電信,[通訊]網速,很夠了,4,種花,21Mbps
1,89,5991,FALSE,中華電信,[通訊]網速,完全沒有不順的感覺,5,種花電信,網路
1,89,5991,FALSE,中華電信,[通訊]網速,較穩定,4,中華,網路
1,89,5991,FALSE,中華電信,[通訊]網速,穩定好用,5,中華,收訊
1,354,20186,TRUE,中華電信,[加值]影音娛樂,你們家都耗費多少年的光陰了，依然未上架！,1,你們家都耗費多少年的光陰了，依然未上架！,你們家都耗費多少年的光陰了，依然未上架！
1,67,4344,FALSE,中華電信,[資費]方案活動,這麼貴,1,中華,大4G 1399
1,67,4344,FALSE,遠傳電信,[資費]續約攜碼,很心動,5,遠傳,月租999
1,67,4344,FALSE,中華電信,[資費]方案活動,也不錯,4,中華,學生方案588
1,67,4344,FALSE,中華電信,[資費]方案活動,省錢又省時,5,中華,學生588
1,67,4344,FALSE,中華電信,[資費]方案活動,貴了,1,中華,499吃到飽
1,67,4344,TRUE,中華電信,[資費]方案活動,這年頭還有人在用1399，難怪中華賺飽飽沒在怕,1,中華,1399
1,67,4344,FALSE,遠傳電信,[通訊]網速,最好,5,遠傳,網路速度
1,67,4344,FALSE,中華電信,[資費]方案活動,也不錯,4,中華,學專688
1,67,4344,FALSE,遠傳電信,[通訊]網速,不錯,4,遠傳,收訊
1,67,4344,FALSE,臺灣之星,[資費]方案活動,便宜,4,台星,網路專案799
1,41,2737,FALSE,臺灣之星,,應該很扼腕！,4,台星,
1,41,2737,TRUE,中華電信,[通訊]頻段,中華沒有讓我失望拿到最多接下來就是等六月開台了首波觀望OK的話會想辦,4,中華沒有讓我失望拿到最多接下來就是等六月開台了首波觀望OK的話會想辦,中華沒有讓我失望拿到最多接下來就是等六月開台了首波觀望OK的話會想辦
1,287,16924,FALSE,中華電信,[加值]行動支付,更方便,4,中華電信,悠遊卡
1,347,19601,FALSE,中華電信,[通訊]網速,感覺很讚ㄟ~,5,中華,5G
1,233,13943,FALSE,中華電信,[通訊]網速,遠不及兩小,1,中華,速度
1,233,13943,FALSE,中華電信,[資費]方案活動,沒幾天就見光死了...,1,中華電信,199給12GB
1,233,13943,FALSE,中華電信,[資費]方案活動,一點也不乾脆,1,中華電信,299
1,233,13943,TRUE,中華電信,[資費]方案活動,與其1門中華無限速 我寧願辦4家4門有限速吃到飽,2,中華,無限速
1,168,10439,TRUE,中華電信,[通訊]涵蓋,無論高山、峽谷都不會沒訊號,5,中華,訊號
1,168,10439,FALSE,臺灣大哥大,[資費]方案活動,很方便,4,台哥大,信用卡儲值
1,168,10439,FALSE,亞太電信,[通訊]涵蓋,會想哭,1,亞太,訊號
1,168,10439,FALSE,中華電信,[資費]方案活動,很貴,1,中華,4G 月租 599
1,168,10439,FALSE,中華電信,[資費]方案活動,不怎麼優,2,中華,月租$149
1,168,10439,FALSE,臺灣之星,[通訊]涵蓋,還行,4,台星,訊號
1,168,10439,TRUE,亞太電信,[通訊]涵蓋,亞太當然不用說，當地沒門市也沒人辦,1,亞太,亞太當然不用說，當地沒門市也沒人辦
1,107,7404,FALSE,臺灣大哥大,[資費]方案活動,很夠用了,4,台哥,預付卡+119雙享包
1,107,7404,FALSE,臺灣大哥大,[資費]方案活動,用量剛剛好,4,台哥,199方案
1,172,10568,FALSE,中華電信,[通訊]網速,便宜 但是有高延遲特性還有不穩定,2,中華,4G
1,266,15568,TRUE,中華電信,[資費]方案活動,你看看中華電信吃到飽 有限制客人上網流量嗎? 玩不起就不要推出吃到飽,4,中華電信,吃到飽
1,242,14144,FALSE,中華電信,[加值]影音娛樂,不錯,4,iTunes,片源
1,10,726,FALSE,臺灣大哥大,[資費]低資費方案,都不俗,4,台哥,預付卡30天型吃到飽
1,127,8379,FALSE,中華電信,[通訊]網速,變超慢,1,中華,699
1,213,13039,FALSE,,[資費]方案活動,完全沒啥必要辦,1,中華,通訊行588
1,213,13039,FALSE,遠傳電信,[資費]方案活動,很夠,4,遠傳,399 21m吃到飽
1,213,13039,FALSE,中華電信,[資費]方案活動,比488更划算,4,中華,購機約
1,213,13039,FALSE,,[資費]方案活動,又更划算,4,中華,688
1,224,13592,FALSE,臺灣之星,[通訊]涵蓋,很穩定,4,台灣之星,2樓
1,224,13592,FALSE,臺灣之星,[通訊]涵蓋,收不到訊息,2,台灣之星,巷子裡面1樓
1,224,13592,FALSE,中華電信,[資費]方案活動,偏貴 但是很穩定,4,中華,中華偏貴 但是很穩定
1,224,13592,FALSE,中華電信,[通訊]涵蓋,穩定,4,中華,我是覺得穩定就中華
1,2,131,FALSE,遠傳電信,[資費]低資費方案,很好用啊,5,遠傳,LM111
1,163,10213,FALSE,亞太電信,[通訊]網速,做的零零落落,1,亞太,4G
1,332,18776,FALSE,中華電信,[通訊]網速,有屁用,2,中華,5g
1,332,18776,TRUE,中華電信,[通訊]網速,HTML5遊戲：你連我都跑不動了還要跑雲端,2,中華,HTML5遊戲：你連我都跑不動了還要跑雲端
1,332,18776,FALSE,中華電信,[通訊]網速,哪裡不行了 根本不差那點,4,中華,4g
1,332,18776,FALSE,中華電信,[通訊]網速,的確令人期待呢～,4,中華,5G
1,332,18776,FALSE,中華電信,[通訊]網速,值得期待,,中華,5G
1,178,11015,FALSE,遠傳電信,,真的爛,1,遠傳,遠傳真的爛
1,178,11015,FALSE,臺灣大哥大,[通訊]網速,還是滿順的,4,台哥,網速
1,178,11015,FALSE,臺灣大哥大,[通訊]網速,,-1,台哥,網速
1,178,11015,FALSE,臺灣大哥大,[通訊]限速,,-1,台哥,降速
1,178,11015,FALSE,臺灣大哥大,[通訊]網速,爛爆了好嗎,1,台灣大,台灣大爛爆了好嗎
1,178,11015,FALSE,臺灣大哥大,[通訊]網速,,-1,台灣大,速度
1,178,11015,FALSE,臺灣大哥大,[資費]方案活動,,-1,台哥,價錢
1,178,11015,FALSE,臺灣大哥大,[通訊]涵蓋,遠輸其他兩大,1,台哥大,基地台
1,178,11015,TRUE,中華電信,[通訊]網速,中華>>>遠傳>>>>>>>>>台星>>>>>>台哥>>>>亞太,4,中華,中華>>>遠傳>>>>>>>>>台星>>>>>>台哥>>>>亞太
1,178,11015,FALSE,,,也是No .1,1,,台灣大
1,178,11015,TRUE,臺灣大哥大,[通訊]網速,如果你是股民 當然秒選獲利王 如果你想要網速....,1,台灣大,網速
1,178,11015,FALSE,遠傳電信,[加值]影音娛樂,確實稍弱,2,遠傳,"台哥有MoMo, 中華有MOD, 遠傳確實稍弱"
1,178,11015,FALSE,遠傳電信,[通訊]網速,比較看好,4,遠傳,5G
1,178,11015,FALSE,中華電信,[資費]方案活動,值得期待,4,中華,5G
1,178,11015,FALSE,臺灣大哥大,[通訊]網速,,-1,台哥,速度
1,178,11015,FALSE,臺灣大哥大,[通訊]網速,差,2,T,網速
1,178,11015,TRUE,臺灣大哥大,[資費]方案活動,盤子沒差 繼續用台哥,1,台哥,盤子沒差 繼續用台哥
1,178,11015,TRUE,臺灣大哥大,[通訊]網速,專心經營電商吧， 獲利王。終生不用台胎,1,台胎,專心經營電商吧， 獲利王。終生不用台胎
1,264,15434,FALSE,,[通訊]網速,要加強完整點,2,4G頻譜也要加強完整點,4G頻譜
1,264,15434,FALSE,,[其他]客服,未免太誇 張了吧！,1,似乎都沒有要改善，這未免太誇 張了吧！,客服
1,323,18533,FALSE,中華電信,[通訊]涵蓋,有優勢!,4,中華,訊號
1,336,18835,FALSE,中華電信,[通訊]涵蓋,超差,1,中華,訊號
1,336,18835,FALSE,遠傳電信,[通訊]涵蓋,超差,1,遠傳,訊號
1,314,17674,FALSE,臺灣大哥大,[通訊]涵蓋,都很順,4,台灣大哥大,訊號
1,19,1350,FALSE,中華電信,[加值]來電答鈴,爛死，連我大R團的歌都沒有也敢來,1,中華,答鈴
1,19,1350,FALSE,中華電信,[加值]來電答鈴,不錯了啦,4,中華,答鈴
1,236,13982,FALSE,中華電信,[通訊]涵蓋,好像也不錯的樣子,4,中華電信,訊號(室內)
1,171,10543,FALSE,中華電信,[資費]方案活動,挺好用的,4,中華,499
1,171,10543,FALSE,,[資費]方案活動,很優惠,4,中華,488-50
1,171,10543,FALSE,,[資費]方案活動,很值得,5,中華,488-100
1,100,6900,FALSE,中華電信,[資費]方案活動,對老客戶一點都不照顧,1,中華,488方案
1,100,6900,FALSE,中華電信,,有夠不划算,,中華,588購機吃到飽
1,100,6900,TRUE,中華電信,[資費]方案活動,上次也是來電＂提醒＂合約將到期，＂好心＂ 提醒我提前續約可以拿到699吃到飽，不然就會變回799喔,1,中華,上次也是來電＂提醒＂合約將到期，＂好心＂ 提醒我提前續約可以拿到699吃到飽，不然就會變回799喔
1,212,12862,FALSE,中華電信,[加值]影音娛樂,崩潰,1,iTunes App,app
1,380,21956,FALSE,中華電信,[通訊]網速,爛死了,1,中華電,5G
1,380,21956,FALSE,中華電信,[通訊]網速,都2266了,1,中華電,4G
1,380,21956,FALSE,中華電信,[通訊]網速,可以不要這麼爛嗎,1,中華電,Wi-Fi
1,380,21956,TRUE,中華電信,[資費]升級,我OK，你先來。,1,中華電,我OK，你先來。
1,380,21956,FALSE,中華電信,[通訊]網速,太差,2,中華電,4G
1,380,21956,FALSE,中華電信,[通訊]網速,也蠻快的,4,中華電,4g
1,380,21956,FALSE,中華電信,[通訊]網速,都那麼糟糕了👎,1,中華電,4G
1,380,21956,FALSE,,[資費]升級,太貴了,2,中華電,5G
1,380,21956,TRUE,中華電信,[資費]升級,繳1399吃到飯熱點還要被降速比4G慢鬼才轉5G,1,中華電,5G
1,380,21956,FALSE,中華電信,[通訊]網速,能多好,2,中華電,5G
1,249,14732,FALSE,中華電信,[加值]影音娛樂,再便宜都不會買單,1,種花,fox+
1,120,8160,FALSE,中華電信,[通訊]網速,還滿穩的一切正常,4,中華,收訊
1,281,16443,FALSE,臺灣大哥大,[通訊]涵蓋,還是 想靠北,1,台哥大,信號
1,281,16443,FALSE,中華電信,[通訊]網速,卡死,1,中華,光世代
1,281,16443,FALSE,臺灣大哥大,[通訊]網速,飛起來了,5,台哥大,網路
1,281,16443,FALSE,中華電信,[通訊]網速,不知道出了什麼毛病,1,中華電信,網路
1,259,14897,FALSE,中華電信,,真棒,4,中華電信,我們家裝了以後樓上也裝了一台真棒
1,59,3930,FALSE,中華電信,[資費]方案活動,我覺得不錯,4,中華,488
1,59,3930,FALSE,中華電信,[資費]方案活動,划算,4,中華,488+99元加購
1,59,3930,FALSE,中華電信,[資費]方案活動,比較划算吧！,4,中華,488加購
1,59,3930,FALSE,中華電信,[資費]方案活動,看了一下好像都是滿熱門的好萊塢電影有喜歡的人可以趁這時候看起來,4,Hami video,單點電影
1,59,3930,FALSE,中華電信,[資費]方案活動,有划算啊,4,hami Video,499
1,59,3930,FALSE,中華電信,[資費]方案活動,還蠻划算的啊,4,中華,加價辦
1,59,3930,FALSE,,[資費]方案活動,還算划算可以看一些影片等還算ｏｋ,4,中華,上網吃到飽488＋hami加值包
1,59,3930,FALSE,中華電信,[資費]方案活動,都很划算,4,Hami Video,488+99元加購
1,59,3930,FALSE,中華電信,[資費]方案活動,很優惠,4,中華,488吃到飽方案
1,138,9134,FALSE,亞太電信,[通訊]網速,比較穩,4,亞太,收訊
1,138,9134,FALSE,亞太電信,,都很快,,亞太,網速
1,22,1426,FALSE,中華電信,[資費]月租費,沒什麼效用,1,中華,VIP
1,22,1426,FALSE,中華電信,[其他]手機,很貴,2,中華,手機
1,14,1186,FALSE,中華電信,[加值]國際漫遊,好用划算,4,中華,輕量型
1,14,1186,FALSE,中華電信,[加值]國際漫遊,真的很不錯,5,中華,春節漫遊活動
1,286,16880,FALSE,亞太電信,[資費]方案活動,第一名,5,亞太,11
1,286,16880,FALSE,亞太電信,[資費]方案活動,cp不錯,4,亞太,3m飽
1,286,16880,FALSE,亞太電信,[通訊]涵蓋,很差,1,亞太,收訊
1,286,16880,FALSE,亞太電信,[通訊]網速,不會動,2,亞太,網路
1,286,16880,TRUE,亞太電信,[通訊]涵蓋,一生一次的亞太 無收訊 沒網路 再便宜也無用--,1,亞太,一生一次的亞太 無收訊 沒網路 再便宜也無用--
1,286,16880,TRUE,遠傳電信,[資費]方案活動,又不來促銷一下等很久,2,lm,又不來促銷一下等很久
1,286,16880,FALSE,遠傳電信,[資費]方案活動,不是稍貴 是超貴= =,1,LM,111
1,139,9212,FALSE,中華電信,[通訊]網速,常常收不到或是跳3G,1,中華電,4G
1,216,13220,TRUE,亞太電信,[資費]方案活動,與其辦這個 不如等亞太11元方案,4,亞太,11元方案
1,216,13220,FALSE,遠傳電信,[資費]方案活動,太貴...,1,遠傳,699
1,111,7671,FALSE,臺灣之星,[加值]影音娛樂,變慢了,2,台星,switch出貨
1,238,14018,FALSE,中華電信,[通訊]網速,是不想混了膩？？？？？？,1,大種花,訊息
1,56,3897,FALSE,中華電信,[通訊]網速,品質還是優於其他兩家,4,中華,網路
1,56,3897,TRUE,臺灣之星,,從胎哥跳台星 爽用,5,台星,從胎哥跳台星 爽用
1,56,3897,TRUE,中華電信,[通訊]網速,懶得試用就選中華穩妥一點,5,中華,懶得試用就選中華穩妥一點
1,56,3897,TRUE,臺灣大哥大,[通訊]網速,台哥不推,2,台哥,台哥不推
1,56,3897,TRUE,中華電信,[通訊]網速,中華普遍穩,4,中華,中華普遍穩
1,56,3897,TRUE,,[通訊]網速,台星看地區,3,台星,台星看地區
1,56,3897,FALSE,中華電信,[通訊]網速,平地山區收訊都穩定,5,中華,收訊
1,56,3897,TRUE,中華電信,[通訊]網速,中華室內可能會連收都收不到,1,中華,中華室內可能會連收都收不到
1,56,3897,TRUE,中華電信,[通訊]網速,當然是中華,5,中華,當然是中華
1,56,3897,TRUE,中華電信,[通訊]網速,中華>台星>>>>>>>>>台哥,5,中華,中華>台星>>>>>>>>>台哥
1,56,3897,FALSE,臺灣大哥大,[通訊]限速,千萬別選台哥誰選誰後悔 偷限速垃圾公司,1,台哥,限速
1,56,3897,FALSE,中華電信,[資費]方案活動,蠻划算的！,4,中華,488
1,56,3897,FALSE,中華電信,[其他]客服,不推 反映客服沒訊號只會說沒辦法,1,中華,客服
1,34,2375,TRUE,,,"方便又迅速！
Good!",,"方便又迅速！
Good!","方便又迅速！
Good!"
1,348,19602,FALSE,中華電信,[加值]影音娛樂,好用啊,4,hami,point
1,348,19602,FALSE,中華電信,[加值]影音娛樂,超省超方便,4,Hami,point
1,42,3079,FALSE,臺灣大哥大,[通訊]國內電信漫遊,用過速度不快穩定也不高,1,台哥大,漫遊
1,200,12393,FALSE,中華電信,[通訊]網速,怪怪的,2,中華,我的也是中華 也是怪怪的
1,200,12393,FALSE,中華電信,[通訊]網速,怪怪的,2,中華電信,中華電信？我也怪怪的
1,200,12393,FALSE,臺灣大哥大,[通訊]網速,完全沒事,4,台哥大,中華 訊息完全傳不了同事用台哥大完全沒事
1,5,220,FALSE,,,優惠不錯,,中華,488
1,5,220,FALSE,,,比較便宜,4,遠傳,399/319
1,5,220,FALSE,臺灣大哥大,[通訊]網速,被靠北到死,1,台哥,收訊
1,5,220,FALSE,臺灣大哥大,[資費]續約攜碼,最好,5,台哥,NP
1,5,220,FALSE,遠傳電信,[資費]續約攜碼,比較划算欸，比另外兩家都更便宜 些,4,遠傳,資費
1,5,220,FALSE,遠傳電信,[資費]續約攜碼,還蠻推,4,遠傳,588退傭
1,5,220,TRUE,,,你到底在不在意通話分鐘？在意的話別把把遠傳3 19拉進來討論,1,你到底在不在意通話分鐘？在意的話別把把遠傳3 19拉進來討論,你到底在不在意通話分鐘？在意的話別把把遠傳3 19拉進來討論
1,121,8164,FALSE,臺灣之星,[通訊]網速,不是很好,2,台灣之星,訊號
1,121,8164,FALSE,中華電信,[資費]方案活動,很硬（？）,2,中華電信,價格
1,153,9522,FALSE,中華電信,[資費]方案活動,已經算很便宜,4,中華電信,1399用5G
1,11,849,FALSE,中華電信,[其他]帳單繳費,根本撐不到 15個月,1,中華,幫他人【溢繳】電信費
1,129,8619,FALSE,臺灣大哥大,[加值]影音娛樂,不好,2,MyVideo,畫質
1,129,8619,FALSE,臺灣大哥大,[加值]影音娛樂,選擇多就贏了,4,myvideo,片
1,129,8619,FALSE,臺灣大哥大,[加值]影音娛樂,比不上N,1,my video,順度跟畫質
1,129,8619,TRUE,,,覺得myvideo比較好用,4,myvideo,覺得myvideo比較好用
1,129,8619,FALSE,臺灣大哥大,[加值]影音娛樂,很糟,1,myvideo,畫質
1,129,8619,FALSE,臺灣大哥大,[資費]方案活動,很划算,4,MyVideo,一年888元
1,129,8619,FALSE,遠傳電信,[加值]影音娛樂,舒適,,fri,介面
1,129,8619,FALSE,臺灣大哥大,[加值]影音娛樂,不適合常常出差的 人,2,myvideo,限台灣ip使用
1,129,8619,FALSE,中華電信,[加值]影音娛樂,還能不順,4,中華電信,NETFLIX
1,129,8619,FALSE,臺灣大哥大,[加值]影音娛樂,很順 也很夠看了,4,myVideo,單片租借
1,129,8619,FALSE,臺灣大哥大,[加值]影音娛樂,價格也便宜,4,myVideo,片
1,129,8619,FALSE,臺灣大哥大,[加值]影音娛樂,多也新,4,myvideo,片子
1,129,8619,FALSE,臺灣大哥大,[加值]影音娛樂,最多也最好用,5,myvideo,電影片源
1,129,8619,FALSE,臺灣大哥大,[加值]影音娛樂,很好,4,myvideo,畫質
1,197,11990,FALSE,臺灣大哥大,[加值]影音娛樂,最好用,5,myvideo,本土的myvideo 覺得最好用
1,197,11990,FALSE,遠傳電信,[加值]影音娛樂,不錯,4,friday,friday不錯
1,185,11470,FALSE,中華電信,[通訊]網速,很差,1,中華電信,網路
1,185,11470,FALSE,中華電信,[通訊]涵蓋,蠻好的,4,中華,訊號
1,185,11470,FALSE,遠傳電信,[通訊]涵蓋,蠻不錯,4,遠傳,訊號
1,185,11470,FALSE,中華電信,[通訊]涵蓋,不推,2,中華,訊號
1,185,11470,TRUE,中華電信,[通訊]涵蓋,不推中華+1一進房間直接跳沒有訊號^_^,1,中華,訊號
1,185,11470,FALSE,中華電信,[通訊]涵蓋,強大到去日月潭都有,5,中華,訊號
1,239,14029,FALSE,中華電信,[通訊]網速,好慢,1,中華,網路速度
1,256,14887,FALSE,中華電信,[通訊]網速,完全正常,4,中華,固網
1,256,14887,FALSE,中華電信,[其他]手機,完全正常,4,中華,手機
1,85,5562,FALSE,遠傳電信,[通訊]網速,最快,5,遠傳,網速
1,85,5562,FALSE,臺灣大哥大,[通訊]網速,較不穩,1,台哥,4G
1,85,5562,FALSE,亞太電信,[通訊]網速,超差穩定性不予置評,1,亞太,Ping值
1,85,5562,FALSE,亞太電信,[通訊]網速,很 迷,1,亞太,上傳速度
1,81,5368,FALSE,遠傳電信,[資費]方案活動,比較看好,4,遠傳,5G
1,262,15409,FALSE,中華電信,,也不好,2,中華,
1,262,15409,TRUE,中華電信,[通訊]網速,中華也不好,2,中華也不好,中華也不好
1,262,15409,FALSE,臺灣大哥大,[通訊]網速,跟亞太的一樣渣,1,台灣大哥大,台灣大哥大跟亞太的一樣渣 渣到學校廢wifi還比較好
1,262,15409,FALSE,中華電信,[通訊]涵蓋,可能會比較好 吧,4,中華,基地台
1,18,1312,FALSE,中華電信,[通訊]網速,是爆炸了喔,1,中華電信,網路
1,253,14795,FALSE,中華電信,[資費]方案活動,縮水好多,2,中華,月繳499
1,253,14795,FALSE,中華電信,[資費]方案活動,蠻划算的,4,中華,方案
1,31,2309,FALSE,臺灣大哥大,[通訊]網速,我也是啼笑皆非啦！,1,台哥大,基地台
1,151,9476,FALSE,中華電信,[資費]方案活動,天價,1,種花電信,搭配5G手機加上門號預繳
1,151,9476,TRUE,中華電信,[資費]方案活動,想早點體驗5G網 路的話就得準備不少的銀彈了。,1,種花電信,想早點體驗5G網 路的話就得準備不少的銀彈了。
1,151,9476,FALSE,中華電信,[資費]方案活動,滿願意去申辦,4,種花電信,1399有5G吃到飽
1,147,9328,FALSE,臺灣大哥大,[資費]方案活動,還挺符合我的需求,4,台灣大哥大,企客方 案799
1,88,5984,FALSE,中華電信,[其他]手機,麻煩,1,中華,手機
1,44,3215,TRUE,臺灣之星,,還好台灣之星有撐住😁😁,5,台灣之星,還好台灣之星有撐住😁😁
1,37,2477,FALSE,中華電信,[資費]方案活動,大部分又都很貴,1,種花電信,吃到飽
1,37,2477,FALSE,中華電信,[資費]方案活動,突然就不是很想辦了...還以為會有更便宜更舊的款式可以選 (我不太需要太新的機型的說,2,種花電信,吃到飽
1,204,12525,FALSE,臺灣大哥大,[資費]方案活動,安心不少,4,台灣大哥大,4G+
1,204,12525,FALSE,中華電信,[其他]手機,厲害厲害,4,中華電信,OPPO
1,50,3538,TRUE,亞太電信,[通訊]網速,這一千多億如能拿來增設及優化4G基地台讓涵蓋率提升增加上網體驗會不會比新建5G更好呢？,2,亞太電信,這一千多億如能拿來增設及優化4G基地台讓涵蓋率提升增加上網體驗會不會比新建5G更好呢？
1,157,9809,FALSE,中華電信,[資費]方案活動,不建議,2,中華,大4G-599
1,86,5776,FALSE,亞太電信,[通訊]網速,很卡,2,亞太,連線
1,103,6956,FALSE,中華電信,[通訊]網速,差,1,中華,訊號
1,193,11668,FALSE,中華電信,[資費]方案活動,都好想要,4,中華,學生方案
1,113,7803,FALSE,亞太電信,[加值]影音娛樂,印象不好,2,Gt TV,序號
1,113,7803,FALSE,亞太電信,[資費]方案活動,價格很不錯,4,Gt TV,90天序號
1,113,7803,FALSE,亞太電信,[資費]方案活動,價格可以,4,Gt TV,90天序號
1,109,7652,FALSE,,[資費]方案活動,選擇性還蠻多的，真不錯,4,好多很實用的家電，選擇性還蠻多的，真不錯,家電
1,279,16307,TRUE,中華電信,[其他]客服,打電話去中華電信 客服看她們有什麼方案？第一個客服說她看不到我過去幾個月的用量，直接建議我用999方案。我問她有沒有便宜一點的？她說有79 9。我打去台灣大哥大客服，她們直接說499不降速。會馬上請客服吧Sim卡和合約書用黑貓寄給我。 我又打回中華電信看有沒有 得商量，她說要請示主管。一小時後有人打來了，中華電信給20年VIP老客戶最好的方案是599，然後再談她說可以再送第一年每 月100元通話費.....第二年呢？她說抱歉了...吃定老客戶的忠誠度！ 大家一起Bye bye吧中華電信....,1,中華電信,客服
1,279,16307,FALSE,臺灣之星,,感覺省了不少!,4,台星,188
1,279,16307,FALSE,臺灣大哥大,[資費]方案活動,很讚！,5,台灣大哥大,NP 299: 12G
1,279,16307,FALSE,臺灣之星,[資費]方案活動,很讚！,,台星,NP 299
1,279,16307,TRUE,臺灣大哥大,[資費]方案活動,才$499吃到飽不降速你就滿足囉~~~那如果你知道台哥大遠傳已經很多$299吃到飽不降速不知道作何感想~~~,5,台哥大,$299吃到飽
1,279,16307,TRUE,遠傳電信,[資費]方案活動,才$499吃到飽不降速你就滿足囉~~~那如果你知道台哥大遠傳已經很多$299吃到飽不降速不知道作何感想~~~,,遠傳,$299吃到飽
1,279,16307,TRUE,中華電信,[資費]方案活動,中華的主力應該都是軍公教吧 它們只有軍公教專案，其他才不鳥你咧,2,中華,軍公教專案
1,279,16307,TRUE,臺灣大哥大,[資費]方案活動,為什麼你會覺得台哥大499吃到飽算很便宜🤔🤔,2,台哥大,499吃到飽
1,279,16307,TRUE,臺灣大哥大,[通訊]涵蓋,收不到訊號，給你吃到撐也沒用。,2,台灣大,訊號
1,279,16307,TRUE,遠傳電信,[通訊]涵蓋,收不到訊號，給你吃到撐也沒用。,2,遠傳,收不到訊號，給你吃到撐也沒用。
1,279,16307,TRUE,臺灣大哥大,[資費]續約攜碼,到幾年前3G要升級成4G時；同樣1G流量的合約， 新申辦/攜碼只要299；我老客戶硬是要399！ 打電話去溝通了很久最後才幫我減免成333，從那次後我就開始跳來跳去。 之前我直接在門市跟店員說：「反正老客戶就是廢物，永遠比不上新客戶。」 店員直接說不出話。想了很久才擠出：「可是老客戶免高額預繳金啊！」 我直接跟他說：「我手機都買空機了，有什麼預繳金要繳！」 當時真的覺得這個市場都有病！,1,台哥大,NP
1,279,16307,FALSE,中華電信,[其他]客服,還不錯,4,中華,中華倒是很阿撒力，我說要走了就迅速幫我辦結算跟攜碼，這點還不錯
1,279,16307,FALSE,臺灣大哥大,[通訊]網速,超爛,1,台灣大哥大,網路
1,279,16307,FALSE,臺灣大哥大,[通訊]網速,比中華電信快,4,台哥大,網速
1,279,16307,FALSE,,[資費]方案活動,比台哥大續約還爛,1,中華,企客專案
1,279,16307,FALSE,臺灣大哥大,[通訊]頻段,差遠了,,台哥大,頻段
1,106,7377,FALSE,臺灣之星,[資費]方案活動,打槍中華電信,5,台灣星,二八八
1,106,7377,FALSE,亞太電信,[資費]方案活動,慢到死超爽習大便線路,1,亞太,168不限速吃到飽
1,106,7377,FALSE,臺灣之星,[資費]方案活動,沒什麼問題,5,台星,188雙飽
1,106,7377,FALSE,臺灣之星,[資費]續約攜碼,唯一覺得好的,5,台星,188續約
1,106,7377,FALSE,中華電信,[資費]方案活動,真的很爛,1,中華,499
1,106,7377,FALSE,遠傳電信,[資費]方案活動,爽爽過,4,LM,111
1,106,7377,FALSE,亞太電信,[資費]月租費,更便宜,4,亞太,月租
1,106,7377,FALSE,中華電信,[通訊]網速,一堆毛病,1,中華電信,電線
1,106,7377,FALSE,中華電信,[通訊]網速,超差,1,中華,品質
1,158,9818,FALSE,中華電信,[資費]方案活動,太差了吧！,1,中華,優惠
1,158,9818,FALSE,臺灣大哥大,[資費]方案活動,好得多,4,台哥大,企客方案
1,158,9818,FALSE,中華電信,[資費]方案活動,,-1,中華,499
1,158,9818,TRUE,中華電信,[資費]方案活動,先別急著續約中華499我相 信台哥大與遠傳肯定會對價格出奇招!,1,先別急著續約中華499我相 信台哥大與遠傳肯定會對價格出奇招!,先別急著續約中華499我相 信台哥大與遠傳肯定會對價格出奇招!
1,30,2270,FALSE,中華電信,,真的不錯，，比起遠傳真的好太多,5,中華電信,中華電信真的不錯，，比起遠傳真的好太多，，真後悔從中華轉到遠傳????????????
1,365,20897,FALSE,臺灣之星,[通訊]涵蓋,才不到一年就快不行了,1,台灣之星,訊號
1,365,20897,FALSE,中華電信,[資費]月租費,滿有吸引力的,4,中華,月租費
1,304,17259,FALSE,中華電信,[資費]低資費方案,覺得被陰了,2,中華,預付
1,304,17259,FALSE,中華電信,[資費]低資費方案,很奇怪,2,中華,預付
1,949,55841,FALSE,亞太電信,[通訊]網速,還不錯,4,亞太,訊號
1,949,55841,FALSE,亞太電信,[通訊]網速,還蠻穩,4,亞太,收訊
1,54,3798,FALSE,臺灣之星,[資費]方案活動,一整個好用,5,台星,0月租勁速方案
1,54,3798,TRUE,中華電信,[資費]方案活動,"但必須每6個月儲值1 00才能保留續用,而且出國還沒辦法漫游",2,中華,如意卡
1,209,12667,FALSE,中華電信,[資費]方案活動,划算,4,中華,488
1,209,12667,FALSE,中華電信,[資費]方案活動,就挺夠用的,4,中華,488
1,209,12667,FALSE,中華電信,[通訊]涵蓋,超慢,1,中華,山區
1,166,10410,FALSE,中華電信,[通訊]網速,馬上就卡了,1,中華,4G
1,166,10410,TRUE,臺灣之星,[通訊]限速,不限速的4G都做不到,1,台星,限速
1,166,10410,FALSE,中華電信,[資費]方案活動,會想換欸,4,中華,5G
1,331,18749,FALSE,臺灣大哥大,,爛死了,1,台哥,我前幾天跳中華就沒問題，之前跟你一樣台哥爛死了
1,177,10977,FALSE,亞太電信,[資費]方案活動,還是大勝,5,亞太,11
1,177,10977,FALSE,臺灣大哥大,[資費]方案活動,目前最完美的,5,台哥大,預付卡
1,177,10977,FALSE,,[資費]方案活動,真的無敵,5,亞太,11
1,177,10977,FALSE,,[資費]方案活動,划算,4,亞太,11
1,177,10977,FALSE,亞太電信,[通訊]網速,已經不行,1,亞太,網路
1,379,21953,FALSE,中華電信,[資費]方案活動,越搞越複雜了,2,中華電信,流量+速度
1,379,21953,FALSE,中華電信,[通訊]網速,不快,2,中華電信,網路
1,379,21953,FALSE,中華電信,[資費]方案活動,太便宜也沒用了,2,中華電信,資費
1,379,21953,TRUE,中華電信,[通訊]網速,永遠都不會達到標準值，當初4G也是這樣吹牛B,2,中華電信,4G
1,12,1073,FALSE,遠傳電信,[通訊]網速,完全掛點,1,遠傳,熱點
1,12,1073,FALSE,遠傳電信,[通訊]網速,一直轉圈圈，沒反應,1,LM2 11,轉圈圈
1,12,1073,FALSE,亞太電信,,哇~超順完全沒有lag,5,亞太138,網路
1,3,172,FALSE,中華電信,[資費]方案活動,就bye了,1,中華電信,新增消費5000門檻
1,267,15619,FALSE,中華電信,[資費]方案活動,很靠北,1,中華電信,吃到飽，900g
1,352,19953,TRUE,遠傳電信,[通訊]涵蓋,只有遠傳，才有距離！,2,遠傳,只有遠傳，才有距離！
1,292,17088,FALSE,中華電信,[通訊]網速,怪怪的,2,中華,wifi
1,49,3460,TRUE,亞太電信,[資費]方案活動,競標是市場機制，收費就變成不是了。還是亞太聰明，專攻通話，4G上網就好,4,亞太,競標是市場機制，收費就變成不是了。還是亞太聰明，專攻通話，4G上網就好
1,317,17907,FALSE,遠傳電信,[加值]影音娛樂,變爛,,friday,friday
1,317,17907,FALSE,臺灣大哥大,,這樣就 (夠,,myvideo,
1,294,17097,FALSE,遠傳電信,[資費]方案活動,還OK啦,,遠傳,499
1,33,2360,FALSE,中華電信,[通訊]網速,在家裡的確比遠傳快,4,中華,無框速度
1,33,2360,FALSE,中華電信,[通訊]涵蓋,就是強,5,中華,訊號
1,33,2360,FALSE,中華電信,[通訊]涵蓋,很差的,1,中華電信,訊號
1,33,2360,FALSE,中華電信,[通訊]涵蓋,爛,1,中華電,基地台
1,321,18254,FALSE,亞太電信,[通訊]涵蓋,應該算不錯了啦,4,亞太,收訊
1,321,18254,FALSE,亞太電信,[通訊]涵蓋,不意外,2,亞太,收訊
1,69,4494,FALSE,,[加值]影音娛樂,越更新越爛,1,優化是在優個鳥啊,iTunes App
1,265,15535,FALSE,中華電信,[通訊]網速,完全跑不動,1,中華,網速
1,265,15535,FALSE,臺灣之星,[通訊]涵蓋,持續進步,4,台灣之星,台灣之星有持續進步
1,218,13277,FALSE,臺灣大哥大,[資費]方案活動,會被氣死= =,1,台哥,方案
1,218,13277,FALSE,中華電信,[其他]客服,超久才打進去,2,中華電信,客服
1,340,19074,FALSE,臺灣大哥大,[通訊]涵蓋,爛的跟渣一樣,1,台哥大,蘭潭
1,189,11536,FALSE,中華電信,[加值]行動支付,多難用,1,Hami,pay
1,189,11536,FALSE,中華電信,[加值]行動支付,不會覺得很難用啊,4,Hami,pay
1,29,2262,FALSE,中華電信,[通訊]網速,最穩,5,中華,訊號
1,322,18508,FALSE,中華電信,[通訊]網速,快也夠穩,4,中華,網速
1,280,16310,FALSE,臺灣之星,[資費]低資費方案,這最省,4,台星,預付卡
1,280,16310,FALSE,臺灣大哥大,[資費]低資費方案,滿不錯的,4,台哥,預付卡
1,199,12102,TRUE,中華電信,,菁英版升級10之後感覺問題好多，700mh z似乎也被鎖起來了...除了台星跟中華沒影響之外其他電信都很大,4,中華,菁英版升級10之後感覺問題好多，700mh z似乎也被鎖起來了...除了台星跟中華沒影響之外其他電信都很大
1,133,8730,FALSE,臺灣之星,[通訊]網速,超級慢,1,台灣之星,網路
1,133,8730,FALSE,臺灣之星,[通訊]網速,真的慢炸,1,台灣之星,網路
1,133,8730,FALSE,臺灣之星,[通訊]網速,很好用欸,4,台灣之星,188 4g不限速吃到飽
1,284,16694,FALSE,臺灣之星,[通訊]涵蓋,肯定不夠,2,台星,基地台數
1,229,13841,FALSE,中華電信,[通訊]涵蓋,超爛,1,種花,學二
1,229,13841,TRUE,中華電信,[通訊]涵蓋,我天天看著她對手機咆哮,1,種花電信,學二
1,229,13841,FALSE,遠傳電信,[通訊]涵蓋,超級爛,1,遠傳,學二
1,229,13841,FALSE,遠傳電信,[通訊]網速,有時候就會卡卡的,2,遠傳,分享網路
1,306,17302,FALSE,中華電信,[通訊]涵蓋,不可思議,1,中華電信,訊號
1,327,18650,FALSE,中華電信,[通訊]網速,應該會很好,4,中華電信,網速
1,289,16951,FALSE,中華電信,[通訊]涵蓋,是怎麼一回事😟,,中華電信,訊號
1,261,15361,FALSE,臺灣之星,[其他]手機,正好,4,台星,紅米NOTE 8T
1,333,18777,FALSE,中華電信,[資費]方案活動,還蠻便宜的,4,中華電信,1399
1,23,1633,FALSE,遠傳電信,[資費]方案活動,的確就蠻好用,4,遠傳,4G
1,76,5134,FALSE,亞太電信,[資費]方案活動,還不錯,4,亞太,88
1,76,5134,FALSE,中華電信,[加值]vowifi,也夠用了,4,中華電信,VoWIFI
1,92,6081,FALSE,中華電信,[通訊]網速,一直卡,1,種花,我種花的剛剛也一直卡
1,92,6081,FALSE,中華電信,[通訊]網速,一直卡,1,中華,偶中華ㄉ剛剛野一直卡
1,373,21318,FALSE,中華電信,[通訊]涵蓋,OK,4,中華,訊號
1,373,21318,TRUE,臺灣之星,[通訊]涵蓋,眾網友表示︰山腳下找找看？,2,台灣之星,訊號
1,373,21318,TRUE,亞太電信,[通訊]涵蓋,眾網友表示︰山腳下找找看？,2,亞太,訊號
1,187,11501,FALSE,中華電信,[資費]方案活動,真的不錯,5,中華電信,499
1,255,14823,FALSE,中華電信,[其他]帳單繳費,有點小小麻煩，但基本上不難,3,中華,繳款
1,232,13874,TRUE,中華電信,[資費]方案活動,如意卡門號辦了十幾年。好康完全用不到。,1,中華電信,如意卡門號
1,181,11339,FALSE,亞太電信,[通訊]涵蓋,更不用擔心,4,亞太,訊號
1,181,11339,FALSE,亞太電信,[加值]vowifi,厲害惹,,亞太,VoWiFi
1,215,13087,FALSE,臺灣大哥大,[加值]電信APP,都好好的,4,台哥大,line
1,215,13087,FALSE,遠傳電信,,都好好的,,遠傳,line
1,194,11673,FALSE,中華電信,[通訊]網速,真的很爛 幹,1,中華電信,網路
1,272,15713,FALSE,中華電信,[通訊]涵蓋,比台灣之星還差,,中華,收迅
1,272,15713,FALSE,,[通訊]涵蓋,比中華好,4,台灣之星,山區
1,272,15713,FALSE,中華電信,[通訊]涵蓋,差不多,3,中華,基地台
1,272,15713,TRUE,,[通訊]涵蓋,中華跟台星組合可說我常去山區運動沒遇到沒收迅的,4,中華,收迅
1,272,15713,FALSE,中華電信,[通訊]涵蓋,再強還是有死角的啦,3,中華,訊號
1,272,15713,FALSE,,[通訊]涵蓋,最好是普遍來說,,中華,特定地點
1,272,15713,TRUE,中華電信,[通訊]涵蓋,中華配上台星不怕遇到沒收迅,4,中華,山區
1,297,17159,FALSE,,,怪怪的,2,,中華電信
1,297,17159,FALSE,中華電信,[通訊]網速,一直很不好,1,中華電信,網路
1,297,17159,FALSE,中華電信,,也怪怪的,,中華電信,4G
1,297,17159,FALSE,中華電信,[通訊]網速,大概掛了囧,2,中華電信,4G
1,145,9283,FALSE,中華電信,[通訊]涵蓋,不好,1,中華,訊號
1,145,9283,FALSE,中華電信,[通訊]網速,較佳,4,中華,傳輸速度
1,145,9283,FALSE,中華電信,[通訊]網速,比較快,4,中華電信,速度
1,15,1206,FALSE,中華電信,[通訊]網速,一直斷線,1,中華,網路
1,15,1206,FALSE,中華電信,[其他]客服,有待加強,2,中華,客服
1,276,15923,TRUE,遠傳電信,[通訊]涵蓋,選擇遠傳下場就是『只有遠傳沒有訊號』！,1,遠傳,訊號
1,276,15923,FALSE,中華電信,[通訊]涵蓋,偉哉,4,中華,當然是中華電信囉！偉哉我中華
1,95,6553,FALSE,中華電信,[通訊]網速,比較好,4,中華,收訊
1,146,9309,FALSE,中華電信,[資費]方案活動,不算低了,4,中華,300G
1,202,12502,TRUE,中華電信,[通訊]網速,修得快好過沒修,4,中華,修得快好過沒修
1,202,12502,FALSE,中華電信,[資費]方案活動,那麼貴,2,中華,價格
1,202,12502,FALSE,中華電信,[通訊]網速,還是會當機,2,中華,斷線
1,337,18844,FALSE,中華電信,[通訊]涵蓋,沒有比遠傳跟台灣大好~,2,中華電,訊號
1,337,18844,FALSE,遠傳電信,[通訊]涵蓋,都蠻穩的,4,遠傳,收訊
1,337,18844,FALSE,遠傳電信,[通訊]網速,不錯,4,遠傳,網路
1,337,18844,FALSE,遠傳電信,[資費]方案活動,不貴,4,遠傳,資費
1,337,18844,FALSE,遠傳電信,[資費]方案活動,值得辦,4,遠傳,吃到飽
1,75,5070,FALSE,中華電信,[資費]方案活動,貴爆阿,1,中華電信,學生方案加購AirPods
1,210,12671,FALSE,臺灣大哥大,[其他]客服,根本沒人要接,2,台固,客服
1,101,6930,FALSE,中華電信,[通訊]網速,不好,1,中華,訊號
1,101,6930,FALSE,中華電信,[通訊]網速,比其他幾家都好,4,中華,基地台
1,101,6930,FALSE,,[通訊]網速,最廣,5,中華,語音
1,101,6930,FALSE,臺灣大哥大,[資費]方案活動,高CP,5,台哥,儲值網路119月
1,101,6930,FALSE,中華電信,[資費]月租費,涵蓋最廣,5,中華,月租
1,101,6930,FALSE,中華電信,[通訊]網速,不錯,4,中華,訊號
1,101,6930,FALSE,,[通訊]頻段,涵蓋更廣,5,中華,頻段
1,93,6089,FALSE,中華電信,[通訊]網速,是在哈囉,1,種花電信,網路
1,93,6089,FALSE,中華電信,[通訊]網速,真ㄉ爛到有剩,1,種花電信,晚餐時間
1,301,17205,FALSE,中華電信,[通訊]網速,時不時就會卡卡,2,種花電信,網路
1,301,17205,TRUE,中華電信,[資費]方案活動,中華除非辦愛鳳不然真的很盤,1,中華,中華除非辦愛鳳不然真的很盤
1,301,17205,FALSE,遠傳電信,[通訊]網速,也很卡,2,遠傳,我用遠傳上批踢踢也很卡
1,301,17205,FALSE,中華電信,[通訊]網速,都順順的阿,4,種花,打手遊
1,219,13296,TRUE,中華電信,,台哥跟中華我覺得有用心在用啦，其他家...不知道,4,中華,台哥跟中華我覺得有用心在用啦，其他家...不知道
1,298,17160,FALSE,遠傳電信,[通訊]網速,有點慘,2,遠傳,網路
1,298,17160,FALSE,,[資費]方案活動,滿夠用了,4,,469限速吃到飽
1,298,17160,TRUE,,[資費]方案活動,469限速吃到飽就滿夠用了,4,469限速吃到飽就滿夠用了,469限速吃到飽就滿夠用了
1,278,16210,FALSE,中華電信,[通訊]涵蓋,比較好,4,中華,訊號
1,246,14691,FALSE,中華電信,[通訊]網速,卡的要死,1,中華電信,玩遊戲
1,246,14691,FALSE,遠傳電信,[通訊]涵蓋,還不錯,4,遠傳,人多的地方
1,246,14691,FALSE,遠傳電信,[通訊]網速,很穩,4,遠傳,速度
1,246,14691,FALSE,中華電信,[通訊]網速,快到靠北,5,中華,網速
1,246,14691,TRUE,中華電信,[通訊]網速,以前爆幹快但最近有點慢,3,中華,以前爆幹快但最近有點慢
1,246,14691,TRUE,臺灣之星,[通訊]網速,帶你龜速上山下海,1,台灣之星,帶你龜速上山下海
1,246,14691,FALSE,中華電信,[通訊]網速,超難用的,1,中華,測速
1,246,14691,FALSE,中華電信,[通訊]限速,,-1,中華,限速
1,246,14691,FALSE,臺灣之星,[通訊]涵蓋,比中華順太多了,5,台星,人多的地方
1,246,14691,FALSE,中華電信,[通訊]網速,很順,4,中華,網路
1,165,10346,FALSE,中華電信,[加值]影音娛樂,爛死了,1,中華電信,Fox+
1,134,8783,TRUE,臺灣之星,[通訊]網速,都市之中.台灣之星已足以擺平矣!!,4,台灣之星,都市之中.台灣之星已足以擺平矣!!
1,180,11288,FALSE,臺灣之星,[資費]方案活動,根本爽到,5,台灣之星,799iPhone 0元
1,180,11288,FALSE,中華電信,[資費]方案活動,比較值得期待,4,中華,學生方案588
1,70,4509,FALSE,中華電信,[加值]影音娛樂,還不錯，片源多,5,myvideo,電影
1,182,11354,FALSE,亞太電信,[加值]行動支付,讚啦,5,亞太,悠遊卡
1,182,11354,FALSE,亞太電信,[資費]方案活動,有點可惜,2,亞太,138
1,241,14084,FALSE,遠傳電信,[其他]手機,也很爛,1,遠傳,HTC Desire 19+
1,241,14084,FALSE,遠傳電信,[其他]手機,比較好,4,遠傳,紅米NOTE8T/PRO
1,241,14084,FALSE,遠傳電信,[其他]手機,很卡,2,遠傳,Desire19+
1,241,14084,FALSE,遠傳電信,[其他]手機,真的都很爛,1,遠傳,HTC
1,105,7058,FALSE,中華電信,[通訊]網速,超順不卡頓,5,中華,4g分享器
1,105,7058,FALSE,中華電信,[通訊]網速,還好,4,中華,吃到飽 699
1,358,20632,FALSE,中華電信,[通訊]網速,真的廢到笑,1,中華,網路
1,174,10707,FALSE,中華電信,[通訊]網速,常被公幹的,1,中華,網速
1,174,10707,FALSE,臺灣大哥大,[通訊]網速,換了地點也一樣慢,1,台哥,不限速吃到飽
1,174,10707,TRUE,臺灣大哥大,,哪裡平均不錯?可以告訴我嗎?,1,台哥,哪裡平均不錯?可以告訴我嗎?
1,174,10707,FALSE,遠傳電信,[通訊]網速,很不穩定,2,遠傳,4G
1,222,13388,FALSE,臺灣之星,[資費]方案活動,對學生來說還沒有足夠的吸引力,2,台灣之星,188跟238的資費方案
1,222,13388,FALSE,臺灣之星,[資費]方案活動,幹嘛不搶,4,台灣之星,半價耳機
1,222,13388,FALSE,臺灣之星,[資費]方案活動,還不算好,2,台灣之星,門號
1,222,13388,FALSE,臺灣之星,[資費]低資費方案,也不見得有人要辦,2,台灣之星,低資費
1,370,21158,FALSE,遠傳電信,[加值]影音娛樂,很拚喔!,4,Friday,Friday
1,370,21158,FALSE,遠傳電信,[加值]影音娛樂,很實用,4,friDay,friDay
1,324,18534,TRUE,中華電信,[資費]方案活動,一向給人感覺良好，，就是沒什麼優惠促銷活動。。。,3,中華電信,一向給人感覺良好，，就是沒什麼優惠促銷活動。。。
1,119,8045,FALSE,中華電信,[資費]方案活動,好便宜喔,4,中華電信,購機優惠
1,119,8045,FALSE,中華電信,[資費]方案活動,很划算耶,4,中華電信,每個月多100
1,119,8045,TRUE,中華電信,[其他]客服,他還嘴我的手機要換的，--馬的--,1,中華電信,他還嘴我的手機要換的，--馬的--
1,46,3335,FALSE,,[通訊]網速,最穩定,,中華,試用卡
1,46,3335,TRUE,中華電信,[其他]客服,同時，旁邊的一位年輕人 一坐下就直接說：「我在網路上看到你們488的方案，你們有首年-50跟專員推薦嗎？」接著就是專員的打太極，表明沒有之後他就 離開了，大概去下一間跑大地吧xd旁邊的男經理看他一出去馬上就跟專員小姐說：「阿你在網路上看到388你不會在網路上辦喔？」 老實說還有其他客人在的情況下講這麼大聲我覺得觀感挺不好的，畢竟那個年輕人態度也沒有很差。,1,同時，旁邊的一位年輕人 一坐下就直接說：「我在網路上看到你們488的方案，你們有首年-50跟專員推薦嗎？」接著就是專員的打太極，表明沒有之後他就 離開了，大概去下一間跑大地吧xd旁邊的男經理看他一出去馬上就跟專員小姐說：「阿你在網路上看到388你不會在網路上辦喔？」 老實說還有其他客人在的情況下講這麼大聲我覺得觀感挺不好的，畢竟那個年輕人態度也沒有很差。,同時，旁邊的一位年輕人 一坐下就直接說：「我在網路上看到你們488的方案，你們有首年-50跟專員推薦嗎？」接著就是專員的打太極，表明沒有之後他就 離開了，大概去下一間跑大地吧xd旁邊的男經理看他一出去馬上就跟專員小姐說：「阿你在網路上看到388你不會在網路上辦喔？」 老實說還有其他客人在的情況下講這麼大聲我覺得觀感挺不好的，畢竟那個年輕人態度也沒有很差。
1,46,3335,FALSE,遠傳電信,[通訊]網速,滿不夠意思的,1,遠傳,試用卡
1,46,3335,FALSE,中華電信,[通訊]網速,真的穩+1,5,中華,訊號
1,46,3335,FALSE,中華電信,[資費]續約攜碼,都不錯,,中華,488或588
1,46,3335,FALSE,中華電信,[資費]續約攜碼,超值,5,中華,488
1,46,3335,FALSE,中華電信,[資費]續約攜碼,划算，有-50更超值,5,中華,488
1,46,3335,FALSE,遠傳電信,[資費]續約攜碼,死都不退，說是送的，不退,1,遠傳,攜碼
1,46,3335,FALSE,臺灣大哥大,,很乾脆的一 千多元全退現金 ＼( ^▽^ )／,,台哥大,預付卡攜碼
1,46,3335,FALSE,中華電信,[資費]續約攜碼,也是個不錯選擇,4,中華,588
1,90,6013,TRUE,中華電信,[通訊]網速,中華很順,4,中華,中華很順
1,248,14711,TRUE,中華電信,,還是中華電信好，，大廠牌有保障，，不像遠傳,4,中華電信,還是中華電信好，，大廠牌有保障，，不像遠傳
1,84,5514,FALSE,臺灣大哥大,[加值]影音娛樂,很難找到,1,myvideo,電影
1,8,282,FALSE,中華電信,[通訊]網速,蠻順的,4,中華,基地台
1,8,282,FALSE,中華電信,[通訊]網速,有給力,4,中華,訊號
1,8,282,FALSE,中華電信,[通訊]網速,很順,5,中華,直播分享
1,8,282,FALSE,,[通訊]網速,很順暢,5,中華,傳遞祝福給親朋好友
1,8,282,FALSE,中華電信,[通訊]網速,沒時差,5,中華,分享煙火
1,8,282,FALSE,中華電信,[通訊]網速,順順傳,,中華,網路訊號
1,226,13762,TRUE,中華電信,[通訊]網速,"要上網就是中華,",4,中華,上網
1,226,13762,FALSE,亞太電信,[通訊]涵蓋,不錯,4,亞太,2G
1,300,17178,FALSE,中華電信,[通訊]網速,不給力,2,中華電信,停格
1,245,14629,FALSE,亞太電信,[通訊]涵蓋,太差,1,亞太,收迅
1,245,14629,FALSE,中華電信,[資費]方案活動,來做4G釘子戶吧😂😂😂,1,中華,5G1399
1,245,14629,TRUE,中華電信,[通訊]網速,你覺得亞太的全速能跟中華的全速比,4,中華,全速
2,51,3882,FALSE,中華電信,[通訊]國內電信漫遊,優惠比較少,3,469,市話
2,51,3882,FALSE,中華電信,[資費]方案活動,很划算,4,中華,488
2,51,3882,TRUE,中華電信,[資費]方案活動,如果市話打很多的話，可以加 辦市話好便宜，月租99元，市話每3分鐘1.3元,4,如果市話打很多的話，可以加 辦市話好便宜，月租99元，市話每3分鐘1.3元,如果市話打很多的話，可以加 辦市話好便宜，月租99元，市話每3分鐘1.3元
2,51,3882,FALSE,中華電信,[通訊]網速,穏,4,469,網路
2,125,8658,FALSE,亞太電信,,是要擺爛了嗎,1,亞太,
2,125,8658,FALSE,臺灣大哥大,[通訊]限速,真的廢…每晚限速,1,台哥,限速
2,43,3640,TRUE,中華電信,[資費]升級,我要謹記4G教訓不付5G的錢然後連2G都收不到。中華遠傳跟台哥大都一樣更不用講一堆什麼亞太之類的。,1,我要謹記4G教訓不付5G的錢然後連2G都收不到。中華遠傳跟台哥大都一樣更不用講一堆什麼亞太之類的。,我要謹記4G教訓不付5G的錢然後連2G都收不到。中華遠傳跟台哥大都一樣更不用講一堆什麼亞太之類的。
2,79,5775,FALSE,亞太電信,[通訊]網速,斷線???,2,亞太,網路
2,79,5775,FALSE,亞太電信,[通訊]網速,有夠爛的,1,亞太,內湖
2,79,5775,TRUE,臺灣之星,[通訊]網速,網路真的掛了，好在我還有台星,3,網路真的掛了，好在我還有台星,網路真的掛了，好在我還有台星
2,214,12892,FALSE,遠傳電信,[資費]方案活動,比較多,4,遠傳,折扣
2,214,12892,FALSE,遠傳電信,[資費]方案活動,很蠻划算,4,遠傳,588
2,52,3892,FALSE,中華電信,[資費]低資費方案,計價只有死豬價,2,中華電信,預付卡
2,52,3892,FALSE,臺灣大哥大,[資費]低資費方案,最划算,5,台哥大,預付卡
2,52,3892,FALSE,中華電信,[資費]低資費方案,應該沒有划算,2,中華,預付卡
2,52,3892,FALSE,臺灣大哥大,[資費]低資費方案,只推,4,台哥,預付卡
2,52,3892,TRUE,亞太電信,[資費]低資費方案,亞太11啊,4,亞太11啊,亞太11啊
2,52,3892,TRUE,亞太電信,[資費]低資費方案,亞太11,4,亞太11,亞太11
2,52,3892,TRUE,亞太電信,[資費]低資費方案,亞太加購$30那個,4,亞太加購$30那個,亞太加購$30那個
2,52,3892,FALSE,臺灣大哥大,[資費]低資費方案,,-1,台哥大,預付卡
2,52,3892,TRUE,臺灣大哥大,[資費]低資費方案,預付卡去台哥大,4,預付卡去台哥大,預付卡去台哥大
2,52,3892,FALSE,中華電信,[資費]低資費方案,著 眼於收訊，以及網内用户多,4,中華,預付卡
2,52,3892,TRUE,中華電信,[資費]低資費方案,選擇中華預付卡，也是著 眼於收訊，以及網内用户多。,4,選擇中華預付卡，也是著 眼於收訊，以及網内用户多。,選擇中華預付卡，也是著 眼於收訊，以及網内用户多。
2,0,5,FALSE,中華電信,[通訊]網速,是被雷打到嗎😂,2,中華電信,宿網
2,89,6044,FALSE,中華電信,[加值]影音娛樂,好消遣,4,中華電信,活動
2,89,6044,FALSE,中華電信,[加值]影音娛樂,真的有夠爛,1,hami,認證系統
2,89,6044,FALSE,中華電信,[加值]影音娛樂,搞得有夠複雜,1,中華,會員登入
2,188,11633,FALSE,中華電信,[資費]低資費方案,兼具基地台涵蓋廣 帶出門收訊有保障,5,中華,預付卡
2,188,11633,FALSE,中華電信,[資費]低資費方案,也比較好,4,中華,預付卡
2,186,11623,TRUE,中華電信,[資費]方案活動,中華很貝戈戈的地方：都吃到飽了誰還會用WIFI…,1,中華很貝戈戈的地方：都吃到飽了誰還會用WIFI…,中華很貝戈戈的地方：都吃到飽了誰還會用WIFI…
2,168,10567,FALSE,中華電信,[其他]客服,這樣的作法個人覺得很正面,4,中華,線上客服網站
2,168,10567,FALSE,中華電信,[資費]方案活動,方便又省時,5,中華電信499,線上續約
2,169,10595,FALSE,中華電信,[資費]方案活動,比較有信心,4,中華,5G
2,169,10595,FALSE,中華電信,[通訊]頻段,也較多,4,中華,可用頻段
2,10,386,TRUE,中華電信,,下次看到一定通知刁民們一起去拆掉！中華、遠傳，蓋一座拆一座,1,下次看到一定通知刁民們一起去拆掉！中華、遠傳，蓋一座拆一座,下次看到一定通知刁民們一起去拆掉！中華、遠傳，蓋一座拆一座
2,213,12873,TRUE,遠傳電信,[通訊]網速,在台中，遠傳超過100mbps的地點也就市中心而已，哪裡容易,2,在台中，遠傳超過100mbps的地點也就市中心而已，哪裡容易,在台中，遠傳超過100mbps的地點也就市中心而已，哪裡容易
2,9,292,FALSE,,[通訊]網速,不需要,,,5g
2,9,292,FALSE,,[通訊]網速,就夠我用了,4,,4G網速
2,163,10461,FALSE,中華電信,[其他]客服,太高階了我不會用啊！,2,種花電信,新客服
2,167,10547,FALSE,中華電信,[資費]方案活動,優惠縮水,2,中華電信,公教方案
2,167,10547,FALSE,中華電信,[資費]方案活動,永遠是犧牲品,1,中華電信,老客戶
2,167,10547,FALSE,中華電信,[資費]方案活動,福利很差,1,499,老客戶
2,178,11301,FALSE,亞太電信,[通訊]涵蓋,爛爆,1,亞太,宿舍
2,58,3948,FALSE,中華電信,[加值]影音娛樂,做到啦~😬,4,Hami Video,iPadOS 寫 video app 但不支援 airplay + apple tv
2,58,3948,TRUE,中華電信,[加值]影音娛樂,在 iPadOS 寫 video app 但不支援 airplay + apple tv 是否很難？因為 Hami Video 做到啦~😬,5,在 iPadOS 寫 video app 但不支援 airplay + apple tv 是否很難？因為 Hami Video 做到啦~😬,在 iPadOS 寫 video app 但不支援 airplay + apple tv 是否很難？因為 Hami Video 做到啦~😬
2,198,12416,FALSE,臺灣大哥大,[通訊]網速,超快,4,台哥,網路
2,198,12416,FALSE,中華電信,[通訊]網速,還算可以啦,4,中華電信,訊號
2,198,12416,FALSE,中華電信,[通訊]網速,超差,1,中華,網速在三豐路
2,114,8123,TRUE,,,好多了,4,好多了,好多了
2,114,8123,TRUE,中華電信,,爛 只想用人家建設好的 不想花錢 種花好多了,,爛 只想用人家建設好的 不想花錢 種花好多了,爛 只想用人家建設好的 不想花錢 種花好多了
2,115,8170,FALSE,中華電信,,滿超值的,5,hami書城,
2,143,9479,FALSE,中華電信,,晚上就慢,2,中華電信,
2,143,9479,TRUE,中華電信,[通訊]網速,我中華電信也是 晚上就慢,2,我中華電信也是 晚上就慢,我中華電信也是 晚上就慢
2,143,9479,FALSE,中華電信,[其他]固網,品質最為穩定,5,中華,固網
2,143,9479,TRUE,中華電信,[其他]固網,家中或室內上網還是以固網品質最為穩定，所以我是家裡用光世代，外出才用中華行動上網,2,家中或室內上網還是以固網品質最為穩定，所以我是家裡用光世代，外出才用中華行動上網,家中或室內上網還是以固網品質最為穩定，所以我是家裡用光世代，外出才用中華行動上網
2,171,10642,FALSE,遠傳電信,[資費]方案活動,都還蠻穩定,4,遠傳,688
2,171,10642,FALSE,遠傳電信,[資費]方案活動,都超穩,5,遠傳,學生方案488吃到飽
2,171,10642,FALSE,遠傳電信,[通訊]網速,收訊都不錯,5,遠傳,訊號
2,171,10642,FALSE,遠傳電信,[通訊]網速,好很多,5,遠傳,收訊
2,171,10642,TRUE,,[通訊]涵蓋,同一支手機在萬華家跟樹林公司訊號，比之前的台哥大好很多，家 裡的亞太都比台哥大好，在家台灣之星也不好。,,同一支手機在萬華家跟樹林公司訊號，比之前的台哥大好很多，家 裡的亞太都比台哥大好，在家台灣之星也不好。,同一支手機在萬華家跟樹林公司訊號，比之前的台哥大好很多，家 裡的亞太都比台哥大好，在家台灣之星也不好。
2,171,10642,FALSE,遠傳電信,[資費]方案活動,真的超划算的,5,遠傳,588學生購機專案
2,171,10642,FALSE,遠傳電信,[通訊]網速,還不賴,4,遠傳,網速
2,171,10642,FALSE,遠傳電信,[通訊]網速,不錯,4,遠傳,速度
2,171,10642,FALSE,遠傳電信,[資費]方案活動,大 部分時間使用上都還滿意,4,遠傳電信,499吃到飽無限速
2,171,10642,FALSE,中華電信,[通訊]網速,都非常好,5,中華,訊號
2,171,10642,FALSE,亞太電信,[通訊]涵蓋,有些偏遠地區是完全沒訊號的,2,亞太,訊號
2,171,10642,FALSE,中華電信,[通訊]涵蓋,還是最廣的,5,中華電信,訊 號覆蓋率
2,171,10642,TRUE,中華電信,[通訊]涵蓋,但如果中華電信收訊差，其他電訊也不會好到哪裡，總之使用體 驗還是不錯的。,4,但如果中華電信收訊差，其他電訊也不會好到哪裡，總之使用體 驗還是不錯的。,但如果中華電信收訊差，其他電訊也不會好到哪裡，總之使用體 驗還是不錯的。
2,171,10642,FALSE,遠傳電信,[資費]方案活動,一 般使用上都很穩定,5,遠傳,999
2,212,12791,FALSE,遠傳電信,[加值]影音娛樂,推推,4,Friday影音,翻譯
2,191,11681,FALSE,中華電信,[其他]手機,感覺也很不錯~,4,中華,Samsung GalaxyS20系列手機優惠
2,59,3949,FALSE,中華電信,[加值]行動支付,被 PERM LOCK,3,中華電信,Sim 卡
2,135,9189,FALSE,中華電信,[通訊]涵蓋,硬是比人家貴,1,中華電信,偏遠山區
2,22,1635,FALSE,遠傳電信,[資費]方案活動,期待,4,遠傳,5G方案
2,139,9243,FALSE,中華電信,[資費]方案活動,完全非必要,1,中華電信,5g
2,216,12904,FALSE,臺灣之星,[加值]vowifi,最爛,1,台星,volte音質
2,111,8038,FALSE,中華電信,[資費]方案活動,是個浪費時間,1,種花電信,吃到飽
2,111,8038,FALSE,中華電信,[資費]方案活動,是個浪費時間浪費錢的東西,1,種花電信,吃到飽
2,141,9425,TRUE,中華電信,[資費]方案活動,我OK，你先辦~~ 5G暫時沒鳥用，只有嘗鮮的人炫耀用的,1,我OK，你先辦~~ 5G暫時沒鳥用，只有嘗鮮的人炫耀用的,我OK，你先辦~~ 5G暫時沒鳥用，只有嘗鮮的人炫耀用的
2,141,9425,TRUE,中華電信,,……都一樣價錢的話 看也知道選中華,5,……都一樣價錢的話 看也知道選中華,……都一樣價錢的話 看也知道選中華
2,56,3925,FALSE,中華電信,[加值]影音娛樂,卡死,1,中華,FOX+
2,56,3925,TRUE,中華電信,[加值]影音娛樂,之前用FOX+到決賽都卡死 希望限中華後好點,,之前用FOX+到決賽都卡死 希望限中華後好點,之前用FOX+到決賽都卡死 希望限中華後好點
2,42,3509,FALSE,中華電信,[資費]方案活動,都是陰謀啦!,1,中華,資費
2,42,3509,TRUE,中華電信,[資費]方案活動,都是陰謀啦! 當中華調高資費時其他電信一起跟進，等中華賺飽了，又降資費跟同行廝殺，在哪裡喊沒賺錢，根本就是他賺最多,1,都是陰謀啦! 當中華調高資費時其他電信一起跟進，等中華賺飽了，又降資費跟同行廝殺，在哪裡喊沒賺錢，根本就是他賺最多,都是陰謀啦! 當中華調高資費時其他電信一起跟進，等中華賺飽了，又降資費跟同行廝殺，在哪裡喊沒賺錢，根本就是他賺最多
2,77,5683,TRUE,臺灣之星,[通訊]網速,誰敢辦台星我一個一個抓出來,1,誰敢辦台星我一個一個抓出來,誰敢辦台星我一個一個抓出來
2,77,5683,FALSE,臺灣之星,[通訊]網速,有夠爛的= =,1,台星,猜網速
2,64,4465,FALSE,臺灣大哥大,[通訊]網速,直接砍半，已經連續反映3年，仍未見改善,1,台灣大哥大,屏東縣潮州鎮過年期間網速
2,11,528,FALSE,遠傳電信,[資費]方案活動,不錯欸,4,遠傳,不用搭配資費方案就可以有優惠
2,185,11592,FALSE,遠傳電信,[通訊]涵蓋,常常收不到訊號或超慢,2,遠傳,地下室和捷運
2,185,11592,FALSE,中華電信,[通訊]涵蓋,推,4,中華,比較偏僻的地方
2,185,11592,FALSE,臺灣大哥大,[通訊]涵蓋,,-1,台哥大,都市
2,185,11592,TRUE,中華電信,[通訊]涵蓋,台哥大捷運沒有+1，種花好一些,,台哥大捷運沒有+1，種花好一些,台哥大捷運沒有+1，種花好一些
2,185,11592,FALSE,臺灣大哥大,[通訊]網速,快,4,台哥大,網路
2,185,11592,FALSE,中華電信,,慢偶爾斷線,2,中華,
2,185,11592,FALSE,中華電信,[資費]方案活動,北捷都OK,4,中華,499吃到飽
2,185,11592,TRUE,中華電信,,種花最近感覺滿種花的耶,,種花最近感覺滿種花的耶,種花最近感覺滿種花的耶
2,185,11592,TRUE,中華電信,,種花感覺好兩極,,種花感覺好兩極,種花感覺好兩極
2,185,11592,FALSE,中華電信,[通訊]涵蓋,常常沒訊號,1,中華,人多的地方跟山區
2,185,11592,FALSE,臺灣大哥大,,就很順,2,台哥大,
2,201,12513,FALSE,中華電信,[資費]方案活動,只推,5,中華電信,月租488元
2,31,2062,FALSE,臺灣之星,[通訊]網速,極差,1,台灣之星,收訊
2,151,10062,FALSE,臺灣之星,[資費]低資費方案,就夠用了,4,台星,88
2,88,6039,FALSE,中華電信,[資費]方案活動,下載與看影片都很順暢,5,中華,不限速方案
2,37,2634,FALSE,遠傳電信,[通訊]網速,,-1,遠傳,網速
2,37,2634,FALSE,臺灣大哥大,,想撿便宜,3,台哥,
2,37,2634,TRUE,,[通訊]網速,要求網速可以換遠傳 想撿便宜可以續約台哥,3,要求網速可以換遠傳 想撿便宜可以續約台哥,要求網速可以換遠傳 想撿便宜可以續約台哥
2,103,7855,FALSE,中華電信,[通訊]網速,也太慢了吧？,1,中華電信,4G網速
2,103,7855,FALSE,中華電信,[通訊]網速,一直斷線,2,中華,網路
2,74,5203,FALSE,中華電信,[通訊]網速,吃到飽又不綁約,4,中華,線路
2,193,11783,TRUE,中華電信,[資費]方案活動,亞太真的值得499月費嗎，基地台建的不多，感覺168不限速也太貴，要辦499感覺中華比較值得，遠傳辦211就夠了,4,亞太真的值得499月費嗎，基地台建的不多，感覺168不限速也太貴，要辦499感覺中華比較值得，遠傳辦211就夠了,亞太真的值得499月費嗎，基地台建的不多，感覺168不限速也太貴，要辦499感覺中華比較值得，遠傳辦211就夠了
2,193,11783,FALSE,亞太電信,[通訊]網速,非常不好用,2,亞太,網路
2,193,11783,FALSE,亞太電信,[通訊]網速,在第一關就會被淘汰了,1,亞太,網路
2,109,7991,FALSE,中華電信,[通訊]網速,請選,4,中華電信,網路
2,53,3900,FALSE,中華電信,[資費]方案活動,優惠不錯,4,中華,學專688
2,53,3900,TRUE,中華電信,[資費]方案活動,這個看起來倒像488的升級版，還有購機折價，感 覺挺划算的。,4,這個看起來倒像488的升級版，還有購機折價，感 覺挺划算的。,這個看起來倒像488的升級版，還有購機折價，感 覺挺划算的。
2,30,1981,TRUE,,,在福澳港及介壽村等人多密集區，台星上網及打電話都是很順暢的。除非到一般南竿比較偏僻的地方，才會有收 訊不良情況發生,,在福澳港及介壽村等人多密集區，台星上網及打電話都是很順暢的。除非到一般南竿比較偏僻的地方，才會有收 訊不良情況發生,在福澳港及介壽村等人多密集區，台星上網及打電話都是很順暢的。除非到一般南竿比較偏僻的地方，才會有收 訊不良情況發生
2,30,1981,FALSE,臺灣之星,[通訊]網速,很順暢,,台星,在福澳港及介壽村
2,122,8555,FALSE,臺灣大哥大,[通訊]頻段,手中台哥大門號的用戶，也該轉台了！,1,台哥大,頻段
2,122,8555,FALSE,亞太電信,[通訊]頻段,就不用看了,1,亞太,5G
2,122,8555,TRUE,臺灣大哥大,,台哥設備用的比遠傳差,,台哥設備用的比遠傳差,台哥設備用的比遠傳差
2,71,5135,FALSE,中華電信,[資費]方案活動,有推,4,中華,488
2,71,5135,FALSE,中華電信,[通訊]網速,常常是唯一收得到訊號的電信,5,中華,偏遠山區
2,71,5135,FALSE,遠傳電信,[資費]方案活動,也是 滿不錯的選擇,,LM,111211
2,71,5135,FALSE,臺灣大哥大,[資費]方案活動,最沒誠意,1,台哥大,方案
2,71,5135,FALSE,臺灣大哥大,[其他]客服,實在不夠,2,台哥大,行銷
2,71,5135,TRUE,中華電信,[通訊]網速,但是台哥大既沒有中華廣泛的基地台，也沒有兩小電信的高CP值，遠傳至少還有LM 可以在雙11出來應戰,3,但是台哥大既沒有中華廣泛的基地台，也沒有兩小電信的高CP值，遠傳至少還有LM 可以在雙11出來應戰,但是台哥大既沒有中華廣泛的基地台，也沒有兩小電信的高CP值，遠傳至少還有LM 可以在雙11出來應戰
2,71,5135,FALSE,中華電信,[通訊]網速,最好,5,中華電信,訊號
2,71,5135,FALSE,臺灣之星,[資費]方案活動,超強促銷,4,台灣之星,傳聞的99G
2,71,5135,FALSE,遠傳電信,[通訊]網速,從2014年進4G時代起就從來沒用過了==,1,遠傳,收訊
2,71,5135,TRUE,中華電信,[通訊]網速,至於遠傳跟台哥大......從2014年進4G時代起就從來沒用過了==收訊沒中華好，促案沒二小殺,,至於遠傳跟台哥大......從2014年進4G時代起就從來沒用過了==收訊沒中華好，促案沒二小殺,至於遠傳跟台哥大......從2014年進4G時代起就從來沒用過了==收訊沒中華好，促案沒二小殺
2,71,5135,FALSE,中華電信,[通訊]網速,,-1,中華,網路品質
2,71,5135,TRUE,中華電信,[通訊]網速,網路品質來說中華>遠傳>Others,5,網路品質來說中華>遠傳>Others,網路品質來說中華>遠傳>Others
2,71,5135,FALSE,亞太電信,[資費]方案活動,,-1,亞太,資費
2,71,5135,TRUE,亞太電信,[資費]方案活動,以資費 來說亞太>台星>Others,4,以資費 來說亞太>台星>Others,以資費 來說亞太>台星>Others
2,71,5135,FALSE,中華電信,,首選,5,中華,
2,71,5135,FALSE,臺灣之星,,撿便宜,3,台星,
2,71,5135,FALSE,臺灣大哥大,,就不上不下沒有便宜也沒有品質，整個很糟糕,1,台哥,
2,71,5135,TRUE,中華電信,,整體平衡我會首選中華再不然撿便宜也是台星台哥就不上不下沒有便宜也沒有品質，整個很糟糕,5,整體平衡我會首選中華再不然撿便宜也是台星台哥就不上不下沒有便宜也沒有品質，整個很糟糕,整體平衡我會首選中華再不然撿便宜也是台星台哥就不上不下沒有便宜也沒有品質，整個很糟糕
2,47,3850,FALSE,中華電信,[通訊]網速,訊號超好,5,種花電信,烏山頭水庫
2,54,3908,FALSE,中華電信,,話術太差 輸台哥大好幾年,3,中華,
2,54,3908,TRUE,中華電信,[其他]客服,可惜話術太差 輸台哥大好幾年 高階機分潤越來越差 中華都不主打哀鳳了,3,可惜話術太差 輸台哥大好幾年 高階機分潤越來越差 中華都不主打哀鳳了,可惜話術太差 輸台哥大好幾年 高階機分潤越來越差 中華都不主打哀鳳了
2,54,3908,FALSE,中華電信,[其他]客服,推銷好積極,3,中華,續約換新手機
2,72,5151,FALSE,遠傳電信,[其他]客服,給人有點壓力,2,遠傳,店員態度
2,72,5151,FALSE,中華電信,[其他]客服,服務真是太好了T_T,4,中華,店員
2,72,5151,FALSE,中華電信,[其他]客服,,-1,中華電信,店員
2,72,5151,TRUE,中華電信,[其他]客服,中華電信的店員用服務贏了一個用戶,3,中華電信的店員用服務贏了一個用戶,中華電信的店員用服務贏了一個用戶
2,72,5151,FALSE,中華電信,[資費]方案活動,感動==,4,中華,-100一年，468/488 都可以
2,72,5151,FALSE,中華電信,[資費]方案活動,划算啊,4,中華,488-50
2,72,5151,FALSE,中華電信,[資費]方案活動,划算啦,4,中華,488
2,72,5151,FALSE,中華電信,[資費]方案活動,本身就不錯,4,488,-50
2,72,5151,FALSE,中華電信,[資費]方案活動,優惠不錯辦到划算,4,488,-50
2,72,5151,FALSE,中華電信,,真得不錯，超值!,5,488,使用感覺
2,68,4616,FALSE,臺灣大哥大,[資費]方案活動,心中一直都竊喜不已！,5,台哥大,388吃到飽
2,12,562,FALSE,遠傳電信,[通訊]網速,順暢,4,遠傳,傳送
2,6,257,FALSE,中華電信,[通訊]網速,順順用沒影響,4,中華,邊充電邊看YT
2,159,10349,TRUE,中華電信,,之前用過台灣之星4G，到期立馬換回中華,5,之前用過台灣之星4G，到期立馬換回中華,之前用過台灣之星4G，到期立馬換回中華
2,159,10349,TRUE,中華電信,,約一到 一定要換中華電信,5,約一到 一定要換中華電信,約一到 一定要換中華電信
2,48,3851,FALSE,中華電信,[資費]方案活動,覺得不錯,4,中華電信,398金好講方案
2,184,11547,FALSE,中華電信,[資費]方案活動,是真的蠻划算的,2,中華,299原價續約
2,184,11547,FALSE,遠傳電信,[通訊]網速,之爛，真的沒什麼好比的,1,遠傳,訊號
2,33,2244,FALSE,亞太電信,[資費]方案活動,省超多的,5,亞太,168資費
2,220,13626,FALSE,亞太電信,[資費]方案活動,都很不錯,4,亞太,299資費
2,218,13182,FALSE,臺灣大哥大,[資費]方案活動,元旦到現在都穩定,4,台哥大,399
2,110,8036,FALSE,中華電信,[加值]esim,不錯,4,中華電信,易付卡
2,110,8036,FALSE,中華電信,[通訊]網速,最多,4,中華電信,基地台
2,110,8036,FALSE,中華電信,[通訊]網速,較穩,4,中華,涵蓋廣訊號
2,110,8036,FALSE,中華電信,[通訊]網速,也好,4,中華,收訊
2,133,9180,FALSE,中華電信,[通訊]涵蓋,有點慢,2,中華電信,網路
2,133,9180,FALSE,中華電信,[通訊]涵蓋,超卡,2,中華,二校
2,133,9180,FALSE,中華電信,[通訊]涵蓋,也不好,2,中華,訊號
2,133,9180,FALSE,中華電信,[通訊]涵蓋,真的不怎麼樣,2,中華,東別訊號
2,190,11677,FALSE,中華電信,[通訊]網速,跑得還蠻順的,4,中華電信,網路
2,83,5989,FALSE,中華電信,[通訊]網速,變0格智障,1,中華,鄉下老家
2,83,5989,FALSE,中華電信,[通訊]國內電信漫遊,死活就是收 不到,1,種花,訊號
2,83,5989,FALSE,臺灣大哥大,[通訊]國內電信漫遊,收不到,2,台灣大哥大,訊號
2,83,5989,FALSE,中華電信,,有時候會收不到,2,中華,
2,83,5989,FALSE,遠傳電信,,還算穩定,4,遠傳,
2,83,5989,TRUE,中華電信,[通訊]國內電信漫遊,之前中華有時候會收不到，現在遠傳還算穩定,3,之前中華有時候會收不到，現在遠傳還算穩定,之前中華有時候會收不到，現在遠傳還算穩定
2,83,5989,FALSE,中華電信,[通訊]國內電信漫遊,用一用突然很頓,2,中華,區域
2,83,5989,FALSE,中華電信,[通訊]國內電信漫遊,還是比較好。,5,中華,中部山區
2,83,5989,FALSE,中華電信,[通訊]網速,整體都好用,4,中華,網路
2,83,5989,FALSE,中華電信,,都很順暢,5,中華,
2,83,5989,TRUE,中華電信,[通訊]網速,用中華，打遊戲看影片都很順暢!,5,用中華，打遊戲看影片都很順暢!,用中華，打遊戲看影片都很順暢!
2,32,2195,TRUE,,[資費]方案活動,3GB以內用量 亞太11都很適合 而且他的流 量包沒用完還可以延遞一次 如果你真的要選亞太99而那你不如NP台哥大新朋友,3,3GB以內用量 亞太11都很適合 而且他的流 量包沒用完還可以延遞一次 如果你真的要選亞太99而那你不如NP台哥大新朋友,3GB以內用量 亞太11都很適合 而且他的流 量包沒用完還可以延遞一次 如果你真的要選亞太99而那你不如NP台哥大新朋友
2,32,2195,FALSE,亞太電信,[通訊]網速,滿格一樣傳文字可以Lag…,1,亞太,訊號
2,32,2195,FALSE,亞太電信,,推,4,亞太,
2,32,2195,FALSE,臺灣之星,,滿格,4,台星,亞太
2,32,2195,FALSE,亞太電信,[資費]方案活動,,-1,亞太,11
2,32,2195,TRUE,,,亞太這時間點不是 11 就是 88 吧，怎麼會考慮 99,,亞太這時間點不是 11 就是 88 吧，怎麼會考慮 99,亞太這時間點不是 11 就是 88 吧，怎麼會考慮 99
2,32,2195,TRUE,亞太電信,[資費]方案活動,補上一堆新號碼可選，啊～手好癢！哈～,4,亞太,11
2,32,2195,FALSE,臺灣之星,[資費]方案活動,1Mbps影片很順,4,台星,99元
2,32,2195,FALSE,臺灣之星,[資費]方案活動,可以順跑,4,台灣之星,九九
2,32,2195,FALSE,臺灣之星,[通訊]網速,悲劇,1,台星,山區訊號
2,32,2195,TRUE,臺灣之星,,台星的可以 其他的就算了,4,台星的可以 其他的就算了,台星的可以 其他的就算了
2,32,2195,FALSE,臺灣之星,[資費]方案活動,,-1,台星,188&88
2,32,2195,TRUE,臺灣之星,[通訊]網速,只選市區台星188&88，郊區LM111,3,只選市區台星188&88，郊區LM111,只選市區台星188&88，郊區LM111
2,32,2195,FALSE,亞太電信,[資費]月租費,真的太看臉 ，臉黑的時候會想折斷sim卡,1,亞太,11
2,32,2195,TRUE,臺灣之星,[通訊]網速,台星188不限速，人口稠密的市區CA後下行只有37M... 我覺得台星不限速已經玩到像威寶3G時代的13M...,1,台星188不限速，人口稠密的市區CA後下行只有37M... 我覺得台星不限速已經玩到像威寶3G時代的13M...,台星188不限速，人口稠密的市區CA後下行只有37M... 我覺得台星不限速已經玩到像威寶3G時代的13M...
2,32,2195,TRUE,亞太電信,[通訊]網速,這週亞太優惠$88 8G 超過流量限速3m還錯，家人已辦,4,這週亞太優惠$88 8G 超過流量限速3m還錯，家人已辦,這週亞太優惠$88 8G 超過流量限速3m還錯，家人已辦
2,35,2292,FALSE,中華電信,[加值]影音娛樂,這價格也太便宜了吧立馬看👉,4,Hami,春節活動
2,40,2980,FALSE,中華電信,[資費]方案活動,,-1,中華電信,499
2,40,2980,TRUE,中華電信,[資費]方案活動,勿忘499之亂「反中華電信其中一個原因」,1,勿忘499之亂「反中華電信其中一個原因」,勿忘499之亂「反中華電信其中一個原因」
2,27,1817,TRUE,,[通訊]網速,我的網路沒了才一天而已有夠少,2,我的網路沒了才一天而已有夠少,我的網路沒了才一天而已有夠少
2,76,5281,FALSE,中華電信,[加值]手機保險,我打死都不買,1,各大電信,手機保險
2,76,5281,FALSE,中華電信,[加值]手機保險,可能就只能回中華,2,奇機重現,保險方案
2,156,10312,TRUE,中華電信,[資費]升級,中華電信怎麼才給5Gb,1,中華電信怎麼才給5Gb,中華電信怎麼才給5Gb
2,156,10312,TRUE,中華電信,,中華電信幫幫忙好不好,1,中華電信幫幫忙好不好,中華電信幫幫忙好不好
2,215,12896,FALSE,臺灣大哥大,[通訊]涵蓋,最快,5,台哥大,山區
2,194,11790,FALSE,遠傳電信,[通訊]頻段,比較差,2,遠傳,鄉下頻段
2,112,8058,FALSE,中華電信,[通訊]網速,畫質不錯,4,中華,網路
2,112,8058,TRUE,中華電信,[加值]影音娛樂,用mod比itunes還順,,用mod比itunes還順,用mod比itunes還順
2,112,8058,FALSE,中華電信,[加值]影音娛樂,出國不能用,3,中華電信,mod電影199
2,112,8058,FALSE,中華電信,[加值]影音娛樂,還能不順嗎?,4,中華電信,NETFLIX
2,21,1546,FALSE,亞太電信,[通訊]頻段,真的不太行,2,亞太,訊號
2,21,1546,FALSE,亞太電信,,遠不如其它家 ，但確實是有在進步。,4,亞太,基地台總數
2,21,1546,FALSE,亞太電信,[資費]方案活動,還不錯,4,亞太,11元方案
2,145,9586,FALSE,遠傳電信,[通訊]涵蓋,,-1,遠傳,台北
2,145,9586,FALSE,臺灣之星,[通訊]涵蓋,,-1,台星,高雄
2,145,9586,TRUE,遠傳電信,[通訊]涵蓋,生活圈跟住家台北是遠傳比較好高雄則是台星,,生活圈跟住家台北是遠傳比較好高雄則是台星,生活圈跟住家台北是遠傳比較好高雄則是台星
2,145,9586,FALSE,臺灣大哥大,,能多賺你一毛錢絕對不會客氣的,1,台灣大,
2,15,1010,FALSE,,,滿用心的,4,台星,這種活動
2,95,6991,FALSE,中華電信,[加值]行動支付,也蠻划算的,4,中華電信,pi幣
2,95,6991,TRUE,中華電信,[加值]行動支付,pi幣拿去折抵中華電信月租費也蠻划算的,4,pi幣拿去折抵中華電信月租費也蠻划算的,pi幣拿去折抵中華電信月租費也蠻划算的
2,146,9623,FALSE,中華電信,[通訊]網速,變慢,1,中華,網速
2,154,10290,FALSE,遠傳電信,[通訊]涵蓋,收不到,1,遠傳,訊號
2,87,6027,FALSE,亞太電信,[資費]低資費方案,推薦的,5,亞太11,低資費無綁約
2,87,6027,FALSE,臺灣之星,[資費]方案活動,cp值不錯,4,台星,288
2,210,12753,FALSE,中華電信,[資費]方案活動,是不是爆了?,2,中華電信,4G
2,101,7484,FALSE,臺灣大哥大,,說掰掰吧,1,臺哥,
2,101,7484,TRUE,臺灣大哥大,[資費]方案活動,就直接跟臺哥說掰掰吧，去中華去遠傳什麼都好,2,就直接跟臺哥說掰掰吧，去中華去遠傳什麼都好,就直接跟臺哥說掰掰吧，去中華去遠傳什麼都好
2,101,7484,TRUE,中華電信,,敲碗等中華,5,敲碗等中華,敲碗等中華
2,101,7484,FALSE,臺灣大哥大,,合約到真的馬上走 完全不值得留戀,1,台哥,
2,101,7484,FALSE,中華電信,[其他]客服,有點不耐煩,1,中華,客服
2,101,7484,FALSE,臺灣大哥大,,直接解約了,1,台哥,
2,101,7484,FALSE,遠傳電信,[資費]方案活動,都沒有好方案留人,2,遠傳,499
2,101,7484,FALSE,中華電信,[資費]方案活動,送市話網內的人又多欸,4,中華,488
2,93,6821,FALSE,中華電信,,真的好,5,中華電信,
2,93,6821,TRUE,中華電信,,中華電信真的好，，合約到期趕緊移回中華電信，，不想再當冤大頭了。。。,5,中華電信真的好，，合約到期趕緊移回中華電信，，不想再當冤大頭了。。。,中華電信真的好，，合約到期趕緊移回中華電信，，不想再當冤大頭了。。。
2,219,13243,TRUE,臺灣大哥大,[通訊]網速,台哥大 今晚好一點 十場斷一兩場,3,台哥大 今晚好一點 十場斷一兩場,台哥大 今晚好一點 十場斷一兩場
2,94,6842,FALSE,中華電信,[資費]方案活動,,-1,中華電信,老用戶
2,94,6842,TRUE,中華電信,[資費]方案活動,中華電信再忽視老用戶就決定跳槽了,1,中華電信再忽視老用戶就決定跳槽了,中華電信再忽視老用戶就決定跳槽了
2,104,7865,FALSE,中華電信,[其他]手機,聲音很小聲,2,中華電信,聽電話
2,165,10506,FALSE,中華電信,[加值]esim,沒網路,2,中華,Sim卡
2,134,9181,FALSE,中華電信,[通訊]涵蓋,是在破什麼的？,1,中華電信,學校網路
2,134,9181,FALSE,中華電信,[通訊]網速,最近常常變很爛,,中華,網路
2,70,5109,FALSE,中華電信,[通訊]網速,非常順,5,中華,基地台車
2,70,5109,FALSE,中華電信,[通訊]網速,這幾年真的做得不錯,5,中華,網路品質
2,70,5109,FALSE,中華電信,[通訊]網速,自己用起來都感覺蠻穩的就是了～,4,中華,出基地台車
2,130,9097,FALSE,臺灣大哥大,,能夠接受,4,台哥,
2,130,9097,FALSE,臺灣大哥大,[通訊]網速,最順,4,台哥,訊號
2,174,10898,FALSE,中華電信,[其他]手機,你準備賠死,1,中華電腦,5g手機
2,222,13646,FALSE,亞太電信,[通訊]網速,是好用~~,4,亞太電信,WiFi通話
2,39,2952,FALSE,遠傳電信,[加值]esim,很方便,4,遠傳,esim
2,46,3779,FALSE,中華電信,[加值]esim,必定會掉一格收訊,2,中華電信,eSIM
2,98,7056,FALSE,臺灣之星,[通訊]網速,中午跟下課時間會完全掛掉,1,台星,學校
2,142,9442,FALSE,臺灣大哥大,[通訊]網速,又堪憂了,2,台哥大,網速
2,84,5993,FALSE,中華電信,[通訊]網速,特麽要崩潰,1,中華電信,網速
2,8,287,FALSE,中華電信,[通訊]網速,依然順暢,4,中華,網路
3,51,3804,FALSE,中華電信,[資費]低資費方案,蠻划算，,5,中華,469
3,148,9961,FALSE,臺灣之星,[資費]方案活動,不需千元,4,台灣之星,吃飽
3,183,11679,FALSE,中華電信,[加值]影音娛樂,用的還蠻習慣,5,中華電信,Hami Video
3,63,4405,FALSE,遠傳電信,,就好,4,遠傳,1.8卡
3,43,3483,TRUE,亞太電信,[通訊]網速,會 如此 爛,,亞太,網路 品質
3,79,5207,FALSE,中華電信,[加值]國際漫遊,申請很方便又便宜,5,中華,漫遊
3,79,5207,FALSE,中華電信,[加值]國際漫遊,方便得很，價格也很划算,5,中華,原號漫遊
3,175,11513,FALSE,臺灣大哥大,,就是一個笑話,1,台灣大哥大,
3,175,11513,TRUE,,[資費]方案活動,不但一樣資費原本內容以外的優惠有增加更多優惠給顧客還沒有調漲呢！原本網外通話增加免費以外吃到飽的部分都沒有變,5,台灣之星,不但一樣資費原本內容以外的優惠有增加更多優惠給顧客還沒有調漲呢！原本網外通話增加免費以外吃到飽的部分都沒有變
3,175,11513,FALSE,,[通訊]網速,雖穩，但根本坑人,2,中華,網
3,186,11841,FALSE,亞太電信,[通訊]涵蓋,很爛,1,亞太電信,訊號
3,168,11221,FALSE,中華電信,[通訊]網速,常常比台星還慢,2,中華,網速
3,172,11460,FALSE,中華電信,[通訊]涵蓋,差,2,中華電信,收訊
3,164,10613,TRUE,中華電信,[資費]方案活動,老客戶都不友善,2,中華電,老客戶都不友善
3,9,518,TRUE,遠傳電信,,friday影音,,friday影音,friday影音
3,150,10105,FALSE,臺灣之星,[資費]月租費,都可以直接升級,4,台星,188
3,150,10105,FALSE,中華電信,[資費]月租費,還要,4,中華,1399
3,65,4430,FALSE,臺灣大哥大,[資費]低資費方案,正常連線,5,台哥大,預付卡
3,163,10603,TRUE,,[通訊]網速,我家實在不行,2,遠傳,我家實在不行
3,45,3660,FALSE,亞太電信,[資費]方案活動,要省一點我會比較推薦,4,亞太,方案最近的168
3,178,11610,FALSE,中華電信,[通訊]網速,不行,2,中華,wifi
3,178,11610,FALSE,中華電信,[通訊]頻段,都不太穩,2,種花,4g或光纖
3,114,7852,FALSE,,,很爛,1,台灣之星,網路
3,115,7952,FALSE,中華電信,[加值]電信APP,不值得信任,1,中華電信,APP
3,143,9466,FALSE,,,不值,1,台哥,月租費
3,143,9466,FALSE,臺灣大哥大,[通訊]網速,每況愈下,1,台哥大,網路品質
3,143,9466,TRUE,臺灣大哥大,[通訊]限速,白天大約30m 晚上會自動減速 慢到1m不到 然後 台星白天20m 晚上也大約15-20m左右 我是在我家測的...我之後 打死不辦台哥,1,台哥,白天大約30m 晚上會自動減速 慢到1m不到 然後 台星白天20m 晚上也大約15-20m左右 我是在我家測的...我之後 打死不辦台哥
3,143,9466,FALSE,臺灣大哥大,[通訊]網速,真的雷,1,台哥,掉速幅度
3,100,6931,TRUE,中華電信,[通訊]網速,中華>遠傳>台哥大>台星,5,中華>遠傳>台哥大>台星,中華>遠傳>台哥大>台星
3,191,12093,FALSE,臺灣之星,,幸好,4,台灣之星,
3,138,9414,FALSE,中華電信,[資費]續約攜碼,很優惠,5,中華,NP
3,56,3986,FALSE,中華電信,[加值]國際漫遊,很方便又超值,5,中華,國際漫遊
3,34,2515,TRUE,中華電信,[資費]續約攜碼,除了中華 誰還要再NP回來,5,中華,除了中華 誰還要再NP回來
3,42,3184,TRUE,中華電信,[資費]低資費方案,超過以後10M比起以前辦的中華超盤學生專案5xx好多了每個月5G 降速還只有128kps 連line都打不出去,1,中華,超盤學生專案5xx
3,77,5156,FALSE,中華電信,[通訊]頻段,gan...爛,1,中華電信,收訊
3,153,10325,FALSE,中華電信,[通訊]網速,穩定,5,中華,網路
3,153,10325,FALSE,中華電信,[通訊]網速,只有3G的速度，很慢,1,中華,網速
3,64,4424,FALSE,臺灣大哥大,[通訊]網速,正常,4,台哥大,網路
3,129,8635,FALSE,中華電信,[通訊]網速,會較穩,4,三大,訊號
3,185,11818,FALSE,中華電信,,實在,5,中華,
3,185,11818,FALSE,中華電信,,最穩定,5,中華,
3,4,196,FALSE,中華電信,[資費]方案活動,就常破,4,中華,4G
3,4,196,TRUE,,,都破200，到現在還有很多家10幾M,4,,4G
3,18,1283,FALSE,中華電信,[資費]方案活動,爛,1,,
3,151,10166,FALSE,亞太電信,[加值]esim,這兩天突然收不到訊息,2,亞太,esim
3,160,10573,TRUE,中華電信,[通訊]網速,YT順順看,5,中華,YT順順看
3,147,9803,FALSE,臺灣之星,[通訊]頻段,假,1,台星,5G
3,147,9803,FALSE,臺灣之星,[通訊]頻段,GG,1,台星,月租5G
3,147,9803,TRUE,中華電信,[資費]續約攜碼,通信約第一年388就給網路吃到飽了,4,中華電信,攜碼
3,147,9803,TRUE,臺灣大哥大,,真的只有87才會用,1,台哥大,真的只有87才會用
3,147,9803,FALSE,中華電信,[通訊]頻段,或許還會考慮一下,4,中華電信,5G不限速吃到飽1399
3,74,5124,FALSE,中華電信,[加值]國際漫遊,還算順,4,中華,漫遊
3,74,5124,FALSE,中華電信,[加值]國際漫遊,訊號很穩定,5,中華電信,原號漫遊
3,74,5124,FALSE,中華電信,[加值]國際漫遊,免換卡很方便,5,中華漫遊,電信原號漫遊
3,74,5124,FALSE,中華電信,[資費]方案活動,很划算，有吃到飽的,,中華,學生方案
3,74,5124,FALSE,中華電信,[加值]國際漫遊,最方便,5,中華,原號漫遊
3,113,7674,FALSE,臺灣之星,[通訊]網速,跑得很順，不會LAG,5,台灣之星,網路
3,128,8465,TRUE,,[資費]方案活動,中華就不能對老客戶好一點就一付不想理的樣子,1,中華,中華就不能對老客戶好一點就一付不想理的樣子
3,106,7131,FALSE,中華電信,,都不到3M,2,中華,
3,106,7131,FALSE,中華電信,,最爛,1,中華電信,
3,30,2307,FALSE,中華電信,[通訊]網速,慢到爆欸,1,中華電信,網路
3,71,4772,TRUE,遠傳電信,[資費]低資費方案,期限快到前他會叫你打電話給別人來延長門號使用期限,2,遠傳,預附卡
3,55,3934,FALSE,中華電信,[資費]方案活動,最有心,5,中華,5G
3,55,3934,FALSE,中華電信,[通訊]頻段,去年都是第一,5,中華,4G的建設量和增建數
3,54,3916,FALSE,中華電信,[通訊]網速,屌打這兩家,5,中華,速度跟訊號
3,54,3916,FALSE,中華電信,[資費]方案活動,超讚,5,中華,499
3,166,10846,FALSE,遠傳電信,[通訊]網速,實在不行,1,遠傳,4G訊號
3,479,27007,FALSE,中華電信,[通訊]網速,有,4,中華電信,訊號
3,479,27007,FALSE,中華電信,[通訊]網速,蠻順的,4,中華,網路
3,68,4472,FALSE,臺灣大哥大,[通訊]頻段,訊號不好,1,台灣大,訊號涵蓋範圍
3,177,11595,TRUE,,[資費]方案活動,手機費從破千變299,5,中華,手機費從破千變299
3,12,951,FALSE,中華電信,,都跑不動,2,中華,
3,12,951,TRUE,中華電信,[通訊]網速,都跑不動,1,都跑不動,都跑不動
3,12,951,TRUE,中華電信,[通訊]網速,中華跟台星都跑不動,2,中華跟台星都跑不動,中華跟台星都跑不動
3,3,182,FALSE,,[通訊]網速,,-1,種花電信,降速
3,3,182,TRUE,中華電信,[通訊]限速,逼你換5G就跟當年ADSL降速逼你換光纖一樣,1,逼你換5G就跟當年ADSL降速逼你換光纖一樣,逼你換5G就跟當年ADSL降速逼你換光纖一樣
3,6,259,FALSE,中華電信,[加值]行動支付,覺得很不錯。,,中華,Hamipoint回饋
3,78,5159,TRUE,中華電信,,兩家的速度都不如中華和遠傳，,4,中華,吃到飽
3,48,3737,FALSE,中華電信,[加值]行動支付,很多手機不能用，更新超級慢,1,中華電信,支付
3,140,9432,FALSE,中華電信,[資費]方案活動,繼續爽用,5,中華,488吃到飽
3,140,9432,FALSE,中華電信,[通訊]頻段,真期待,4,中華,5 G開台
3,140,9432,FALSE,中華電信,[通訊]頻段,開始期待,4,中華,開台
3,184,11680,TRUE,中華電信,[資費]方案活動,也能認真一點別老是不把老客戶當成一回事,1,中華,也能認真一點別老是不把老客戶當成一回事
3,73,5083,FALSE,中華電信,,蠻穩定,4,中華,
3,25,1857,FALSE,臺灣大哥大,[通訊]網速,根本很少看過超過100Mbps,2,台哥,網速
3,25,1857,FALSE,中華電信,[資費]方案活動,蠻滿意,4,中華,488
3,25,1857,FALSE,遠傳電信,[資費]續約攜碼,很爛,1,遠傳,攜碼
3,25,1857,FALSE,中華電信,[資費]方案活動,免費很划算,5,中 華,588網內
3,25,1857,FALSE,,,最快,,中華,
3,25,1857,FALSE,中華電信,[通訊]網速,真的不錯快！,5,中華,網速
3,25,1857,TRUE,中華電信,[通訊]網速,整體屌打其他家,5,中華,整體屌打其他家
3,25,1857,FALSE,,,爛的跟什麼一樣,,中華,訊號
3,25,1857,FALSE,,,超順,,,319
3,25,1857,FALSE,,,齊全,,中華,優惠
3,25,1857,FALSE,臺灣大哥大,[通訊]網速,爛到爆,1,台哥,訊號
3,25,1857,FALSE,遠傳電信,[資費]方案活動,便宜,4,遠傳,吃到飽
3,25,1857,FALSE,,[通訊]國內電信漫遊,超便宜,5,種花,漫遊
3,110,7267,FALSE,中華電信,[通訊]網速,要快,5,中華,網路
3,110,7267,FALSE,中華電信,[資費]方案活動,要用只能用,5,種花,5G
3,16,1179,FALSE,中華電信,[通訊]網速,連假搶票都第一名：）,5,中華電信,網路
3,155,10495,TRUE,中華電信,[資費]續約攜碼,偷盡速到受不了,1,中華,np
3,155,10495,TRUE,中華電信,[資費]續約攜碼,我最後也是違約金付了,1,中華,np
3,155,10495,FALSE,中華電信,[通訊]網速,真 的很棒,1,中華,速度
3,155,10495,FALSE,中華電信,,大方,5,中華,
3,384,22566,FALSE,中華電信,[通訊]網速,才逐漸穩定,,中華,訊號
3,190,11944,TRUE,遠傳電信,[資費]續約攜碼,還有299無限速吃到飽,2,遠傳,跳槽
3,190,11944,FALSE,臺灣大哥大,,很火.,1,台哥大,
3,83,5645,FALSE,中華電信,[加值]vowifi,也夠用了,5,中華電信,送VoWIFI
3,32,2356,FALSE,中華電信,[通訊]網速,廈門海邊還真收得到,5,中華電信,訊號
3,162,10596,FALSE,中華電信,[資費]方案活動,"通話125分鐘很夠用,出門訊號也夠力",5,中華,199/3G
3,35,2573,FALSE,中華電信,[通訊]頻段,還有,4,中華電信,訊號
3,132,9213,FALSE,中華電信,[通訊]頻段,會在下半年首先兌現,4,中華,5G Pass優惠
3,76,5142,FALSE,中華電信,[加值]國際漫遊,感覺很不錯,5,中華,輕 量型漫遊
3,156,10520,TRUE,中華電信,[通訊]網速,下課下班之後都會這樣，太多人用了,2,中華,下課下班之後都會這樣，太多人用了
3,156,10520,FALSE,遠傳電信,,超順,5,噓 噓東,
3,156,10520,FALSE,中華電信,[通訊]網速,3G,2,中華,訊號
3,112,7439,FALSE,臺灣大哥大,[通訊]網速,最好,5,台哥大,訊號
3,145,9658,FALSE,中華電信,[通訊]涵蓋,免錢加減用,,中華,wifi
3,118,8046,TRUE,中華電信,[資費]方案活動,原本一個月799元只有9GB流量，現在換成699吃到飽不限速，感覺很爽！[emo13],4,中華電信,原本一個月799元只有9GB流量，現在換成699吃到飽不限速，感覺很爽！[emo13]
3,154,10395,FALSE,中華電信,[資費]方案活動,網內免費，不限速，多了漫遊優惠,4,中華電信,學生教職可以辦青春無敵588購機
3,28,2208,TRUE,亞太電信,[資費]方案活動,亞太還是比台星好 ^_^,5,亞太,亞太還是比台星好 ^_^
3,93,6275,FALSE,臺灣大哥大,[通訊]網速,差,2,台哥大,訊號
3,93,6275,FALSE,遠傳電信,[通訊]網速,正常,4,遠傳,網路
3,26,1931,FALSE,中華電信,[通訊]網速,看個10分鐘左右就斷了,1,中華,直播
3,91,6101,FALSE,中華電信,[資費]方案活動,超心動der…,,中華,吃到飽
3,91,6101,TRUE,中華電信,[資費]方案活動,堂姐說在中華辦吃到飽 手機八千有找，讓超心動der…,4,堂姐說在中華辦吃到飽 手機八千有找，讓超心動der…,堂姐說在中華辦吃到飽 手機八千有找，讓超心動der…
3,165,10616,FALSE,中華電信,[資費]月租費,太高了,2,中華,月租費
3,180,11626,TRUE,中華電信,[通訊]頻段,再不然就是選中華4G,4,中華,4G
3,137,9391,FALSE,中華電信,[資費]方案活動,有送不少通話的,5,中華,不限速吃到飽
3,137,9391,TRUE,中華電信,[資費]方案活動,我是覺得有送不少通話的中華不限速吃到飽488-499很極限了,5,我是覺得有送不少通話的中華不限速吃到飽488-499很極限了,我是覺得有送不少通話的中華不限速吃到飽488-499很極限了
3,179,11620,FALSE,中華電信,[通訊]網速,問題蠻多,2,中華,連線
3,152,10286,FALSE,中華電信,[通訊]網速,爛到一個崩潰😭,1,中華,網路
3,152,10286,FALSE,中華電信,[通訊]網速,真的慢,2,中華,網路
3,39,3069,FALSE,臺灣大哥大,[通訊]國內電信漫遊,最穩,5,台哥大,去日本旅遊十天，除了台灣大哥 大有其他推的嗎？總價格希望800NTD內，流量沒限制
3,90,6068,FALSE,中華電信,[資費]方案活動,家人有辦，品質不錯,4,中華,488學生方案
3,8,280,FALSE,中華電信,[通訊]網速,,4,,"沒影響,還是可以正常使用"
4,686,40182,FALSE,中華電信,[其他]手機,,2,,
4,677,39911,FALSE,中華電信,[通訊]網速,,4,,
4,792,46793,FALSE,中華電信,[通訊]網速,,1,,
4,593,35348,TRUE,,[通訊]網速,最近也在考慮要用遠傳還是種花的，不過最近5G剛開臺，4G網路都有點變慢的感覺,3,最近也在考慮要用遠傳還是種花的，不過最近5G剛開臺，4G網路都有點變慢的感覺,最近也在考慮要用遠傳還是種花的，不過最近5G剛開臺，4G網路都有點變慢的感覺
4,493,29549,FALSE,臺灣之星,,,4,,
4,493,29549,TRUE,臺灣之星,,隔壁的人用台星還比我用的中華順,4,隔壁的人用台星還比我用的中華順,隔壁的人用台星還比我用的中華順
4,697,40948,FALSE,遠傳電信,[其他]客服,,2,,客服
4,697,40948,FALSE,遠傳電信,[通訊]涵蓋,,1,,
4,697,40948,FALSE,遠傳電信,[通訊]涵蓋,,-1,,
4,697,40948,TRUE,遠傳電信,[通訊]涵蓋,只有遠傳 沒有訊號,1,只有遠傳 沒有訊號,只有遠傳 沒有訊號
4,697,40948,FALSE,遠傳電信,[通訊]涵蓋,都還堪用,3,,
4,697,40948,FALSE,臺灣之星,[通訊]涵蓋,很差,2,,
4,354,22001,FALSE,中華電信,[資費]方案活動,非常不優，限制太多,1,,費率而言，5G
4,41,2657,FALSE,遠傳電信,[通訊]網速,,3,,
4,41,2657,FALSE,遠傳電信,[通訊]網速,,2,,
4,233,14868,FALSE,中華電信,,很卡,1,中華,
4,233,14868,FALSE,中華電信,,穏定,4,中華,
4,233,14868,FALSE,中華電信,[通訊]網速,穩多了,4,中華,網速
4,233,14868,TRUE,中華電信,[通訊]網速,中華>遠傳>>>>>>>>台哥,5,中華>遠傳>>>>>>>>台哥,中華>遠傳>>>>>>>>台哥
4,233,14868,TRUE,臺灣大哥大,[通訊]網速,我在臺中速度也超慢,1,我在臺中速度也超慢,我在臺中速度也超慢
4,233,14868,TRUE,中華電信,[通訊]網速,可是我中華最近也很卡欸,1,可是我中華最近也很卡欸,可是我中華最近也很卡欸
4,233,14868,TRUE,中華電信,[通訊]網速,跳中華換穏定,4,跳中華換穏定,跳中華換穏定
4,842,49796,FALSE,中華電信,,不考慮,2,,
4,842,49796,TRUE,中華電信,[通訊]網速,中華電信不考慮,2,中華電信不考慮,中華電信不考慮
4,842,49796,FALSE,臺灣大哥大,[通訊]網速,很垃圾,1,,
4,842,49796,TRUE,臺灣大哥大,,中華跳台哥大再跳遠傳，我推台哥大,4,中華跳台哥大再跳遠傳，我推台哥大,中華跳台哥大再跳遠傳，我推台哥大
4,842,49796,FALSE,遠傳電信,[通訊]網速,好像比較好,3,,收訊
4,842,49796,FALSE,遠傳電信,[通訊]網速,超慢,2,,網路
4,842,49796,FALSE,遠傳電信,[通訊]網速,,-1,,
4,842,49796,TRUE,遠傳電信,[通訊]限速,-只有遠傳 沒有訊號-,1,-只有遠傳 沒有訊號-,-只有遠傳 沒有訊號-
4,842,49796,FALSE,遠傳電信,[通訊]網速,真的常常沒訊號,3,,
4,842,49796,FALSE,臺灣之星,[通訊]網速,都很爛,2,,
4,842,49796,FALSE,亞太電信,[通訊]網速,,-1,,
4,842,49796,TRUE,亞太電信,[通訊]網速,用過亞太 你就知道三大的好呵呵亞太連電話都打不通,2,用過亞太 你就知道三大的好呵呵亞太連電話都打不通,用過亞太 你就知道三大的好呵呵亞太連電話都打不通
4,842,49796,TRUE,亞太電信,,亞太真的台灣之星以下，連調侃都懶w,1,亞太真的台灣之星以下，連調侃都懶w,亞太真的台灣之星以下，連調侃都懶w
4,842,49796,FALSE,臺灣大哥大,[通訊]網速,還可以,3,,
4,842,49796,FALSE,中華電信,[通訊]網速,好又速度快,4,,1399或是更高一定訊號
4,842,49796,TRUE,臺灣之星,[資費]月租費,台灣之星反正訊號都很爛 不如選個便宜的,3,台灣之星反正訊號都很爛 不如選個便宜的,台灣之星反正訊號都很爛 不如選個便宜的
4,592,35317,TRUE,,[資費]方案活動,攜碼學專 688(30) 是最優選,3,攜碼學專 688(30) 是最優選,攜碼學專 688(30) 是最優選
4,475,28549,FALSE,中華電信,[其他]手機,,-1,中華電信,販售華為通訊
4,475,28549,TRUE,臺灣大哥大,[其他]手機,中華電信跟台哥大都有販售華為通訊設備的前科,1,中華電信跟台哥大都有販售華為通訊設備的前科,中華電信跟台哥大都有販售華為通訊設備的前科
4,475,28549,TRUE,中華電信,[其他]手機,中華電信跟台哥大都有販售華為通訊設備的前科,1,中華電信跟台哥大都有販售華為通訊設備的前科,中華電信跟台哥大都有販售華為通訊設備的前科
4,378,22850,FALSE,臺灣大哥大,[通訊]涵蓋,但是不知道是不是只有我跑不動,3,台灣大哥大,
4,378,22850,FALSE,遠傳電信,[通訊]網速,,2,,跑的更慢
4,378,22850,FALSE,臺灣大哥大,[通訊]網速,最近真的很糟糕,1,,網路
4,927,54577,FALSE,遠傳電信,[資費]方案活動,更優惠的方案,4,遠傳,吃到飽
4,927,54577,FALSE,,[通訊]限速,遠傳有限速，千萬別跳過去,2,遠傳,有限速
4,927,54577,FALSE,中華電信,[通訊]涵蓋,最多,,中華,基地台
4,927,54577,FALSE,中華電信,[通訊]頻段,有限流量,2,中華,5g
4,927,54577,FALSE,遠傳電信,[資費]月租費,目前覺得最划算的,5,遠傳,"前18個月319/一個月，後六個
月一個月399"
4,927,54577,FALSE,中華電信,[通訊]涵蓋,比較推,4,中華,整體收訊
4,927,54577,FALSE,中華電信,[通訊]涵蓋,多,3,中華,基地台
4,927,54577,FALSE,中華電信,[通訊]限速,還不香嗎,4,中華,看YT也不會限你速
4,927,54577,FALSE,遠傳電信,,評價不錯的樣子,4,遠傳,
4,927,54577,TRUE,遠傳電信,,遠傳最近LM評價不錯的樣子,4,遠傳最近LM評價不錯的樣子,遠傳最近LM評價不錯的樣子
4,793,46794,FALSE,中華電信,[通訊]網速,都好慢,2,,
4,793,46794,FALSE,中華電信,,都很順,4,,
4,793,46794,TRUE,中華電信,[通訊]網速,我中華都很順,3,我中華都很順,我中華都很順
4,793,46794,TRUE,亞太電信,[通訊]網速,你有考慮到用亞太的心聲嗎,2,你有考慮到用亞太的心聲嗎,你有考慮到用亞太的心聲嗎
4,793,46794,FALSE,中華電信,[通訊]網速,台南中華電信真的訊號很差我在租屋處網路爛到跟男友講電話會延遲10秒以上,2,,
4,793,46794,FALSE,中華電信,,氣死==,2,,
4,793,46794,TRUE,中華電信,[通訊]網速,快被中華氣死==,2,快被中華氣死==,快被中華氣死==
4,474,28505,FALSE,中華電信,[通訊]網速,不好,3,,
4,474,28505,FALSE,中華電信,,,,,
4,474,28505,TRUE,中華電信,,中華電信只給我一年免費的VOWiFi打發我了事 操 然後我家沒固網 操,1,中華電信只給我一年免費的VOWiFi打發我了事 操 然後我家沒固網 操,中華電信只給我一年免費的VOWiFi打發我了事 操 然後我家沒固網 操
4,474,28505,FALSE,中華電信,[通訊]網速,太爛,2,,
4,474,28505,FALSE,中華電信,[通訊]網速,差,3,,訊號
4,474,28505,FALSE,遠傳電信,[通訊]網速,沒,3,,
4,474,28505,FALSE,中華電信,[通訊]網速,,-1,,收訊
4,474,28505,FALSE,中華電信,[通訊]頻段,,2,,
4,102,6986,FALSE,中華電信,[通訊]限速,就是爽～,5,,不限速
4,684,40111,TRUE,中華電信,[通訊]限速,不限速可是我續約之後都覺得很慢...,1,不限速可是我續約之後都覺得很慢...,不限速可是我續約之後都覺得很慢...
4,684,40111,FALSE,中華電信,[通訊]網速,,2,,
4,684,40111,FALSE,中華電信,[通訊]網速,不行,2,,速度
4,684,40111,FALSE,中華電信,[資費]方案活動,不太吸引人,1,,
4,684,40111,FALSE,中華電信,[資費]方案活動,沒佛過吧...,2,,雙11
4,933,54634,FALSE,中華電信,[通訊]頻段,蠻鳥的,2,中華,5G
4,933,54634,FALSE,臺灣大哥大,[通訊]網速,最爛的,1,台哥,訊號
4,933,54634,FALSE,中華電信,[其他]固網,爛的要死,1,中華,光纖建設率
4,933,54634,FALSE,中華電信,[通訊]頻段,,-1,中華電信,5G
4,933,54634,TRUE,中華電信,[通訊]網速,"連玩coin master都會斷線的電信我真的不知道要說什
麼",1,"連玩coin master都會斷線的電信我真的不知道要說什
麼","連玩coin master都會斷線的電信我真的不知道要說什
麼"
4,933,54634,FALSE,中華電信,[通訊]網速,很給力,4,中華,收訊
4,933,54634,FALSE,臺灣大哥大,,就是順,5,台哥,
4,933,54634,TRUE,臺灣大哥大,[通訊]網速,"每家都有表現差的狀況，就是看環境適合誰囉，我生
活圈台哥就是順",4,"每家都有表現差的狀況，就是看環境適合誰囉，我生
活圈台哥就是順","每家都有表現差的狀況，就是看環境適合誰囉，我生
活圈台哥就是順"
4,933,54634,FALSE,遠傳電信,[通訊]網速,比其業者好,3,遠傳,網路
4,933,54634,FALSE,臺灣大哥大,[通訊]頻段,滿好連到,3,台哥,5G
4,933,54634,FALSE,遠傳電信,,屌打中華,5,遠傳,
4,933,54634,FALSE,遠傳電信,[通訊]頻段,投入蠻多,3,遠傳,5G
4,933,54634,FALSE,遠傳電信,[通訊]頻段,"用起來是比其他家
都還快",3,遠傳,5G
4,933,54634,FALSE,遠傳電信,[通訊]網速,最快,3,遠傳,收訊
4,933,54634,FALSE,臺灣大哥大,,純噓,2,台哥,
4,933,54634,TRUE,臺灣大哥大,,純噓台哥,1,純噓台哥,純噓台哥
4,933,54634,FALSE,臺灣大哥大,,狗屎都能吃了,1,台哥,
4,933,54634,TRUE,臺灣大哥大,,台哥能拿???狗屎都能吃了,1,台哥能拿???狗屎都能吃了,台哥能拿???狗屎都能吃了
4,933,54634,FALSE,遠傳電信,,刮目相看,4,遠傳,
4,933,54634,TRUE,遠傳電信,,"不過遠傳這次拿雙冠真的
有讓人刮目相看",4,"不過遠傳這次拿雙冠真的
有讓人刮目相看","不過遠傳這次拿雙冠真的
有讓人刮目相看"
4,933,54634,TRUE,中華電信,[通訊]頻段,"中華電信5G有在建設？？出門連到5G的機會還是不到1/
10",2,"中華電信5G有在建設？？出門連到5G的機會還是不到1/
10","中華電信5G有在建設？？出門連到5G的機會還是不到1/
10"
4,933,54634,TRUE,臺灣大哥大,,台哥,,台哥,台哥
4,933,54634,TRUE,臺灣大哥大,,身為台哥大用戶看到台哥也有獎就知道這分析八成笑話,1,身為台哥大用戶看到台哥也有獎就知道這分析八成笑話,身為台哥大用戶看到台哥也有獎就知道這分析八成笑話
4,933,54634,FALSE,中華電信,[通訊]網速,穩定用,4,中華,網路
4,933,54634,FALSE,臺灣大哥大,[通訊]網速,常收不到,3,台哥,網路
4,933,54634,TRUE,遠傳電信,,遠傳真的屌打中華大家趕快跳槽中華辦遠傳,5,遠傳真的屌打中華大家趕快跳槽中華辦遠傳,遠傳真的屌打中華大家趕快跳槽中華辦遠傳
4,937,54714,FALSE,遠傳電信,[通訊]網速,非洲,2,遠傳電信,網速
4,937,54714,FALSE,遠傳電信,[通訊]網速,,-1,遠傳,降速
4,937,54714,TRUE,遠傳電信,[通訊]網速,最近遠傳是不是故意降速啊…想誘導大家換5G?,3,最近遠傳是不是故意降速啊…想誘導大家換5G?,最近遠傳是不是故意降速啊…想誘導大家換5G?
4,332,20839,TRUE,中華電信,[資費]續約攜碼,我也收到了，只是要綁33個月有點久,2,我也收到了，只是要綁33個月有點久,我也收到了，只是要綁33個月有點久
4,332,20839,TRUE,中華電信,[資費]月租費,靠！市話縮水,1,靠！市話縮水,靠！市話縮水
4,332,20839,FALSE,中華電信,[通訊]涵蓋,實在慘不忍睹,1,,收訊
4,332,20839,TRUE,中華電信,[資費]方案活動,這個方案很優了阿,4,這個方案很優了阿,這個方案很優了阿
4,167,11443,FALSE,中華電信,[資費]方案活動,,2,,
4,606,36249,TRUE,中華電信,[加值]行動支付,之前都0.5 1% 用hami導購都比line好 XD,4,之前都0.5 1% 用hami導購都比line好 XD,之前都0.5 1% 用hami導購都比line好 XD
4,264,16688,FALSE,亞太電信,[通訊]網速,,1,,
4,264,16688,FALSE,亞太電信,[資費]低資費方案,,4,,11
4,491,29360,FALSE,中華電信,,,2,,
4,491,29360,FALSE,臺灣之星,,山上山下都快,4,台星,
4,491,29360,TRUE,中華電信,[通訊]網速,中華山下頗慢,2,中華山下頗慢,中華山下頗慢
4,491,29360,TRUE,臺灣之星,[通訊]網速,台星山上山下都快,4,台星山上山下都快,台星山上山下都快
4,491,29360,FALSE,遠傳電信,[通訊]涵蓋,還不錯,4,,訊號
4,491,29360,FALSE,臺灣之星,,我覺得蠻夠用的阿,4,,
4,491,29360,TRUE,臺灣之星,,我自己是用台星我覺得蠻夠用的阿我還可以開分享給用中華的室友,4,我自己是用台星我覺得蠻夠用的阿我還可以開分享給用中華的室友,我自己是用台星我覺得蠻夠用的阿我還可以開分享給用中華的室友
4,597,35763,FALSE,臺灣之星,[通訊]網速,,1,,
4,492,29488,FALSE,中華電信,[資費]方案活動,,,,
4,492,29488,FALSE,臺灣之星,,算不錯了啊,3,,
4,492,29488,TRUE,臺灣之星,,台星算不錯了啊,3,台星算不錯了啊,台星算不錯了啊
4,813,47661,FALSE,遠傳電信,,真的爛爆,1,,
4,813,47661,TRUE,遠傳電信,,以前用遠傳真的爛爆,1,以前用遠傳真的爛爆,以前用遠傳真的爛爆
4,813,47661,FALSE,臺灣大哥大,,就好啦,3,,
4,813,47661,TRUE,臺灣大哥大,,台哥大就好啦,3,台哥大就好啦,台哥大就好啦
4,656,38635,FALSE,中華電信,[資費]方案活動,,3,,
4,357,22034,FALSE,,[其他]客服,,-1,,800客服
4,357,22034,TRUE,中華電信,[其他]客服,"Fox+美劇 「毒雪紛飛」 第一季缺第2集，我看這邊都回覆叫人通報中華800客服，但打去800客服又說請聯絡fox,問題 fox又公告請聯絡中華電信，到底要怎麼辦阿？？？",2,"Fox+美劇 「毒雪紛飛」 第一季缺第2集，我看這邊都回覆叫人通報中華800客服，但打去800客服又說請聯絡fox,問題 fox又公告請聯絡中華電信，到底要怎麼辦阿？？？","Fox+美劇 「毒雪紛飛」 第一季缺第2集，我看這邊都回覆叫人通報中華800客服，但打去800客服又說請聯絡fox,問題 fox又公告請聯絡中華電信，到底要怎麼辦阿？？？"
4,259,16425,FALSE,亞太電信,[資費]低資費方案,,3,,
4,259,16425,FALSE,亞太電信,[資費]方案活動,,4,,3m飽
4,259,16425,FALSE,亞太電信,[通訊]涵蓋,,-1,,
4,259,16425,TRUE,亞太電信,[通訊]涵蓋,亞太 無收訊 沒網路 再便宜也無用--,2,亞太 無收訊 沒網路 再便宜也無用--,亞太 無收訊 沒網路 再便宜也無用--
4,789,46645,FALSE,亞太電信,[其他]手機,再濫,2,,
4,637,37849,FALSE,中華電信,[資費]方案活動,,4,,不限速488
4,749,44402,FALSE,中華電信,[通訊]網速,,-1,中華,5g資費卻只有4g的網路
4,749,44402,TRUE,中華電信,[通訊]網速,本人今年9月去中華辨1399元5g方案，可是一直沒有5g可以用；去問客服一直要我等。一定會有5g去門市問說年底就會有了在 新竹的湖口工業區，問800客服說要等3年到底那個準；用5g資費卻只有4g的網路，朋友叫我去消保官申訴。請問有用嗎？本人是 在新竹湖口，新竹市和竹北市也有都了。本來家中的巷口有5g，最近又沒有了；繳心酸的,2,本人今年9月去中華辨1399元5g方案，可是一直沒有5g可以用；去問客服一直要我等。一定會有5g去門市問說年底就會有了在 新竹的湖口工業區，問800客服說要等3年到底那個準；用5g資費卻只有4g的網路，朋友叫我去消保官申訴。請問有用嗎？本人是 在新竹湖口，新竹市和竹北市也有都了。本來家中的巷口有5g，最近又沒有了；繳心酸的,本人今年9月去中華辨1399元5g方案，可是一直沒有5g可以用；去問客服一直要我等。一定會有5g去門市問說年底就會有了在 新竹的湖口工業區，問800客服說要等3年到底那個準；用5g資費卻只有4g的網路，朋友叫我去消保官申訴。請問有用嗎？本人是 在新竹湖口，新竹市和竹北市也有都了。本來家中的巷口有5g，最近又沒有了；繳心酸的
4,348,21865,TRUE,,[資費]方案活動,吃到飽的有點貴誒,3,吃到飽的有點貴誒,吃到飽的有點貴誒
4,372,22465,TRUE,中華電信,[資費]方案活動,看的資費方案後，還是續用4G吧。費率京人還要換手機，開銷不小。,2,看的資費方案後，還是續用4G吧。費率京人還要換手機，開銷不小。,看的資費方案後，還是續用4G吧。費率京人還要換手機，開銷不小。
4,372,22465,TRUE,中華電信,[資費]方案活動,太貴了吧,2,太貴了吧,太貴了吧
4,372,22465,FALSE,中華電信,[資費]方案活動,有這麼多選擇不錯啊,4,,方案
4,924,54502,FALSE,中華電信,,,2,,
4,924,54502,TRUE,中華電信,,中華對一些五百元內客戶不是很看重,2,中華對一些五百元內客戶不是很看重,中華對一些五百元內客戶不是很看重
4,409,24329,TRUE,中華電信,[通訊]網速,怪不得我用家裡的電腦開不了推特（或開了看不到圖），但用手機（無框）上網就可以暢滑無阻，原來是中華電信的問題嗎！,2,怪不得我用家裡的電腦開不了推特（或開了看不到圖），但用手機（無框）上網就可以暢滑無阻，原來是中華電信的問題嗎！,怪不得我用家裡的電腦開不了推特（或開了看不到圖），但用手機（無框）上網就可以暢滑無阻，原來是中華電信的問題嗎！
4,343,21805,FALSE,中華電信,[通訊]涵蓋,,4,,
4,343,21805,FALSE,,,最快,4,,
4,343,21805,TRUE,遠傳電信,[通訊]網速,遠傳最快,4,遠傳最快,遠傳最快
4,343,21805,FALSE,臺灣大哥大,[資費]方案活動,用起來還可,3,,
4,5,365,FALSE,中華電信,,,5,,
4,5,365,FALSE,臺灣之星,[資費]低資費方案,CP值高,5,,88
4,693,40474,TRUE,,[通訊]網速,開了二台Tab S7+ 5G平板用HAMI VIDEO APP收視 目前在室內用4G連線看了一局很順不卡頓感覺不錯！,4,開了二台Tab S7+ 5G平板用HAMI VIDEO APP收視 目前在室內用4G連線看了一局很順不卡頓感覺不錯！,開了二台Tab S7+ 5G平板用HAMI VIDEO APP收視 目前在室內用4G連線看了一局很順不卡頓感覺不錯！
4,931,54597,FALSE,中華電信,[加值]電信APP,,-1,,app
4,931,54597,TRUE,中華電信,[加值]電信APP,請問各位登入中華電信app會這樣嗎？想查個帳單但是總是顯示忙碌或網路慢或是在登入的時候顯示登入成功，卻沒有轉換頁面卡在登 入畫面我是iPhone 7+，iOS 14.3不知道是不是只有我會這樣...--,2,請問各位登入中華電信app會這樣嗎？想查個帳單但是總是顯示忙碌或網路慢或是在登入的時候顯示登入成功，卻沒有轉換頁面卡在登 入畫面我是iPhone 7+，iOS 14.3不知道是不是只有我會這樣...--,請問各位登入中華電信app會這樣嗎？想查個帳單但是總是顯示忙碌或網路慢或是在登入的時候顯示登入成功，卻沒有轉換頁面卡在登 入畫面我是iPhone 7+，iOS 14.3不知道是不是只有我會這樣...--
4,197,12890,FALSE,中華電信,[其他]固網,,4,,
4,197,12890,FALSE,臺灣之星,[通訊]涵蓋,家裡收訊是不錯，反而在公司都只剩3G,3,,
4,197,12890,FALSE,中華電信,[通訊]涵蓋,都不錯,4,,
4,309,19708,FALSE,中華電信,[通訊]網速,,2,,
4,247,15768,FALSE,中華電信,[加值]行動支付,,-1,中華電信,取消信用卡自動訂閱
4,247,15768,TRUE,中華電信,[其他]帳單繳費,三小，為啥中華電信要取消信用卡自動訂閱？有啥理由？,2,三小，為啥中華電信要取消信用卡自動訂閱？有啥理由？,三小，為啥中華電信要取消信用卡自動訂閱？有啥理由？
4,902,53073,FALSE,中華電信,[資費]月租費,蠻方便,4,,
4,804,47150,FALSE,亞太電信,[通訊]網速,,-1,亞太,跑到20
4,804,47150,TRUE,亞太電信,[通訊]網速,亞太可以跑到20，但同時段的中華卻不行，唉,3,亞太可以跑到20，但同時段的中華卻不行，唉,亞太可以跑到20，但同時段的中華卻不行，唉
4,804,47150,TRUE,亞太電信,[通訊]網速,亞太比中華，遠傳好,4,亞太比中華，遠傳好,亞太比中華，遠傳好
4,683,40082,FALSE,中華電信,[通訊]網速,輕鬆飆1.1Gbps,5,,5G
4,103,7002,FALSE,中華電信,[通訊]涵蓋,相比同業積極很多,4,,
4,103,7002,FALSE,中華電信,[通訊]頻段,蠻看好中華5G 的未來發展,4,,5G
4,103,7002,FALSE,遠傳電信,[通訊]涵蓋,還不錯,4,,建設
4,103,7002,FALSE,中華電信,[通訊]頻段,最看好,4,,
4,103,7002,FALSE,中華電信,[通訊]頻段,5G只信中華,,,
4,103,7002,FALSE,亞太電信,[通訊]頻段,五g只信亞太,4,,
4,103,7002,TRUE,中華電信,,希望大家不要辦中華拜託大家了,2,希望大家不要辦中華拜託大家了,希望大家不要辦中華拜託大家了
4,103,7002,FALSE,,[通訊]網速,,2,,測速
4,103,7002,FALSE,中華電信,[通訊]頻段,,3,,5G競標中華標金最高
4,279,17292,FALSE,中華電信,[通訊]限速,,-1,,
4,279,17292,TRUE,中華電信,[通訊]限速,最近中華回到家都被限到剩10M，捷運和公司是正常的 拿老婆每月10G的中華試也一樣被限10M,3,最近中華回到家都被限到剩10M，捷運和公司是正常的 拿老婆每月10G的中華試也一樣被限10M,最近中華回到家都被限到剩10M，捷運和公司是正常的 拿老婆每月10G的中華試也一樣被限10M
4,279,17292,TRUE,中華電信,,生活圈中華ok順順用,4,生活圈中華ok順順用,生活圈中華ok順順用
4,279,17292,FALSE,中華電信,,,,中華,
4,279,17292,FALSE,中華電信,[資費]方案活動,,4,青春無敵488方案,
4,53,3893,TRUE,中華電信,[資費]低資費方案,幸福199~ 我爸媽非常滿意,4,幸福199~ 我爸媽非常滿意,幸福199~ 我爸媽非常滿意
4,738,44106,FALSE,中華電信,,在文大才是最爛的,1,,
4,738,44106,TRUE,中華電信,,中華在文大才是最爛的,1,中華在文大才是最爛的,中華在文大才是最爛的
4,848,50188,TRUE,中華電信,[加值]影音娛樂,用了貴公司的hamivideo多年了，之前使用CHROMECAST投放至電視看電影都沒問題，可是最近有很多影片都無法投放 ，只能在手機正常撥放。,3,用了貴公司的hamivideo多年了，之前使用CHROMECAST投放至電視看電影都沒問題，可是最近有很多影片都無法投放 ，只能在手機正常撥放。,用了貴公司的hamivideo多年了，之前使用CHROMECAST投放至電視看電影都沒問題，可是最近有很多影片都無法投放 ，只能在手機正常撥放。
4,427,25727,FALSE,中華電信,[通訊]頻段,有5G但只有一次成功跑5G(6xxm)，其餘都是LTE...,2,,
4,412,24449,FALSE,遠傳電信,[資費]升級,,1,,
4,412,24449,TRUE,遠傳電信,[資費]方案活動,這方案有比較優嗎？,2,這方案有比較優嗎？,這方案有比較優嗎？
4,412,24449,TRUE,遠傳電信,,只有遠傳，才有距離,1,只有遠傳，才有距離,只有遠傳，才有距離
4,412,24449,FALSE,遠傳電信,[通訊]涵蓋,超級爛,1,,双北4G的訊號
4,412,24449,TRUE,遠傳電信,[通訊]網速,換5g手機後遠傳說開通5g體驗1個月 到現在也沒看過變5g網路還變慢,2,換5g手機後遠傳說開通5g體驗1個月 到現在也沒看過變5g網路還變慢,換5g手機後遠傳說開通5g體驗1個月 到現在也沒看過變5g網路還變慢
4,20,1397,TRUE,中華電信,[通訊]網速,我要死了，他們用中華電信一直lag，你們懂吧！！！中華電信倒閉！！,1,我要死了，他們用中華電信一直lag，你們懂吧！！！中華電信倒閉！！,我要死了，他們用中華電信一直lag，你們懂吧！！！中華電信倒閉！！
4,312,19802,FALSE,中華電信,,蠻給力的,4,,
4,312,19802,TRUE,中華電信,,真假看來中華電信蠻給力的,4,真假看來中華電信蠻給力的,真假看來中華電信蠻給力的
4,873,51448,FALSE,中華電信,[通訊]網速,,-1,,
4,873,51448,TRUE,中華電信,[通訊]網速,中華電信也是完全跑不動,3,中華電信也是完全跑不動,中華電信也是完全跑不動
4,873,51448,TRUE,,[通訊]涵蓋,跨年的現場訊號也是很慘呀,2,跨年的現場訊號也是很慘呀,跨年的現場訊號也是很慘呀
4,594,35433,FALSE,臺灣大哥大,[加值]電信APP,也不錯,4,,app
4,267,16828,FALSE,臺灣之星,[通訊]網速,,5,,
4,760,44547,FALSE,中華電信,[通訊]頻段,,4,,
4,516,31054,FALSE,臺灣大哥大,[通訊]網速,其他地方都很快，只有在地下室，超級爛！！！訊號會直接不見,2,,
4,925,54563,FALSE,中華電信,[通訊]網速,最棒的就是回新竹一樣有訊號,4,,
4,925,54563,FALSE,中華電信,[通訊]網速,,-1,,
4,925,54563,TRUE,中華電信,[通訊]網速,恭喜受到訊號了但我的種花電信在二樓就讓我沒辦法刷推特了（早上可以晚上不行，有夠神奇,2,恭喜受到訊號了但我的種花電信在二樓就讓我沒辦法刷推特了（早上可以晚上不行，有夠神奇,恭喜受到訊號了但我的種花電信在二樓就讓我沒辦法刷推特了（早上可以晚上不行，有夠神奇
4,534,32066,FALSE,亞太電信,[其他]客服,他x的多讓我很惱,1,,
4,534,32066,FALSE,遠傳電信,[資費]方案活動,,4,,399 21m吃到飽
4,425,25606,FALSE,中華電信,[通訊]涵蓋,好,3,,
4,425,25606,FALSE,中華電信,[資費]方案活動,,4,,學生專案的購機方案588
4,265,16691,FALSE,臺灣之星,[資費]低資費方案,,4,,188
4,25,1904,FALSE,中華電信,[通訊]涵蓋,好,4,,
4,25,1904,FALSE,臺灣之星,,,4,,
4,25,1904,TRUE,臺灣之星,[資費]月租費,便宜的台星囉,4,便宜的台星囉,便宜的台星囉
4,828,48721,FALSE,亞太電信,[通訊]網速,,,,
4,455,27458,FALSE,中華電信,[通訊]網速,,4,,
4,455,27458,FALSE,,[資費]續約攜碼,,-1,,
4,455,27458,TRUE,中華電信,[資費]方案活動,",中華給 了我縮水通話的499續約方案,我就不想續約了",2,",中華給 了我縮水通話的499續約方案,我就不想續約了",",中華給 了我縮水通話的499續約方案,我就不想續約了"
4,455,27458,FALSE,中華電信,[資費]續約攜碼,,1,,
4,455,27458,FALSE,遠傳電信,[通訊]網速,"還很爭氣,平均網速比中華好多了！",4,,網路
4,136,9216,TRUE,中華電信,[資費]升級,講好聽自動升級，其實是想綁住高資費用戶，繼續敲盤子,2,講好聽自動升級，其實是想綁住高資費用戶，繼續敲盤子,講好聽自動升級，其實是想綁住高資費用戶，繼續敲盤子
4,136,9216,TRUE,中華電信,[資費]月租費,月費1399不是被當盤子敲吧🧐？,2,月費1399不是被當盤子敲吧🧐？,月費1399不是被當盤子敲吧🧐？
4,290,18594,FALSE,中華電信,[資費]月租費,,-1,,定價
4,290,18594,TRUE,中華電信,[資費]月租費,問題在中華電信定價高於4G,2,問題在中華電信定價高於4G,問題在中華電信定價高於4G
4,82,6023,FALSE,中華電信,[通訊]涵蓋,,4,,訊號
4,40,2624,FALSE,中華電信,[資費]方案活動,,5,,
4,334,20884,FALSE,中華電信,[通訊]網速,,-1,,4G
4,334,20884,TRUE,中華電信,[通訊]網速,中華電信4G中午顯示滿格，結果沒網路用測速軟體看，上下傳都低於1kb但12:50-55左右 網路又突然復活可以到7-8Mb請問這種有解嗎QQ--,2,中華電信4G中午顯示滿格，結果沒網路用測速軟體看，上下傳都低於1kb但12:50-55左右 網路又突然復活可以到7-8Mb請問這種有解嗎QQ--,中華電信4G中午顯示滿格，結果沒網路用測速軟體看，上下傳都低於1kb但12:50-55左右 網路又突然復活可以到7-8Mb請問這種有解嗎QQ--
4,333,20869,FALSE,,[通訊]涵蓋,,4,,
4,333,20869,FALSE,中華電信,[資費]方案活動,不是得雙NP才能辦嗎.要跑門市太麻煩了,2,,488
4,333,20869,FALSE,中華電信,[通訊]涵蓋,穩定,4,,
4,484,28850,FALSE,中華電信,[通訊]涵蓋,,-1,,
4,484,28850,TRUE,中華電信,[通訊]涵蓋,信號函蓋就中華而已。,3,信號函蓋就中華而已。,信號函蓋就中華而已。
4,448,27072,FALSE,中華電信,[資費]月租費,,-1,,
4,448,27072,TRUE,中華電信,[資費]月租費," 中華的月租費只能往上不能往下！ 699月租不能辦499 488就更不用想了,沒有老客戶的份 除非你是別家電信NP來中華這樣子你的優惠條件會比幾十年的中華老客戶好",1," 中華的月租費只能往上不能往下！ 699月租不能辦499 488就更不用想了,沒有老客戶的份 除非你是別家電信NP來中華這樣子你的優惠條件會比幾十年的中華老客戶好"," 中華的月租費只能往上不能往下！ 699月租不能辦499 488就更不用想了,沒有老客戶的份 除非你是別家電信NP來中華這樣子你的優惠條件會比幾十年的中華老客戶好"
4,410,24340,FALSE,中華電信,,,2,,
4,410,24340,TRUE,中華電信,,中華電信是不是怪怪的啊,2,中華電信是不是怪怪的啊,中華電信是不是怪怪的啊
4,215,14036,FALSE,臺灣之星,[通訊]涵蓋,常常有時候網路都沒訊號,3,,
4,817,47961,FALSE,臺灣大哥大,,,1,,
4,817,47961,TRUE,臺灣大哥大,,前天受不了測了一下台哥大也是在秀下限…,1,前天受不了測了一下台哥大也是在秀下限…,前天受不了測了一下台哥大也是在秀下限…
4,673,39777,FALSE,臺灣之星,[通訊]涵蓋,真的好差,1,,收訊
4,876,51603,FALSE,中華電信,[通訊]網速,炸掉,2,,網路
4,904,53128,FALSE,中華電信,[通訊]網速,,2,,
4,948,55781,FALSE,遠傳電信,[通訊]網速,最好,4,,
4,948,55781,FALSE,亞太電信,[加值]影音娛樂,,4,,
4,278,17193,FALSE,中華電信,[通訊]網速,,1,,
4,278,17193,FALSE,中華電信,[通訊]網速,,3,,
4,278,17193,TRUE,中華電信,[資費]月租費,通話似乎很慘,2,通話似乎很慘,通話似乎很慘
4,278,17193,TRUE,中華電信,[通訊]網速,網路倒是不錯,4,網路倒是不錯,網路倒是不錯
4,104,7019,TRUE,中華電信,[資費]方案活動,公教不都488嗎 你的比較貴XD,3,公教不都488嗎 你的比較貴XD,公教不都488嗎 你的比較貴XD
4,494,29595,FALSE,臺灣之星,[通訊]網速,穩如泰山,4,,
4,494,29595,FALSE,臺灣之星,[通訊]網速,不錯也便宜,4,,
4,421,25095,FALSE,中華電信,[加值]影音娛樂,,2,,
4,421,25095,FALSE,臺灣大哥大,[加值]影音娛樂,,2,,
4,358,22037,FALSE,中華電信,[其他]客服,,1,,客服
4,358,22037,TRUE,中華電信,[通訊]網速,網路超級不穩,1,網路超級不穩,網路超級不穩
4,358,22037,TRUE,中華電信,[其他]客服,垃圾客服不聽 人說話,1,垃圾客服不聽 人說話,垃圾客服不聽 人說話
4,358,22037,FALSE,中華電信,[資費]方案活動,很爛,1,,
4,358,22037,TRUE,中華電信,[通訊]網速,垃圾網路不穩定,1,垃圾網路不穩定,垃圾網路不穩定
4,358,22037,TRUE,中華電信,[通訊]限速,靠網路很糟,1,靠網路很糟,靠網路很糟
4,358,22037,TRUE,中華電信,[加值]電信APP,垃圾程式,1,垃圾程式,垃圾程式
4,358,22037,TRUE,,,垃,,垃,垃
4,440,26676,FALSE,臺灣之星,[通訊]限速,,2,,不限速吃到飽
4,440,26676,FALSE,中華電信,[通訊]限速,,4,中華,21M限速費率
4,308,19686,FALSE,中華電信,[通訊]限速,,-1,,
4,308,19686,TRUE,中華電信,[通訊]限速,中華和亞太，都在玩限速2. 01M的大地遊戲，連3G時代均速都不到，還期待啥快5-10倍，3G時代最高速是75M，現在4G最低速是2.01M，大家有 沒有覺得世事如棋、乾坤莫測、笑盡....大家還是用最便宜的就好,4,中華和亞太，都在玩限速2. 01M的大地遊戲，連3G時代均速都不到，還期待啥快5-10倍，3G時代最高速是75M，現在4G最低速是2.01M，大家有 沒有覺得世事如棋、乾坤莫測、笑盡....大家還是用最便宜的就好,中華和亞太，都在玩限速2. 01M的大地遊戲，連3G時代均速都不到，還期待啥快5-10倍，3G時代最高速是75M，現在4G最低速是2.01M，大家有 沒有覺得世事如棋、乾坤莫測、笑盡....大家還是用最便宜的就好
4,308,19686,TRUE,亞太電信,[通訊]限速,中華和亞太，都在玩限速2. 01M的大地遊戲，連3G時代均速都不到，還期待啥快5-10倍，3G時代最高速是75M，現在4G最低速是2.01M，大家有 沒有覺得世事如棋、乾坤莫測、笑盡....大家還是用最便宜的就好,4,中華和亞太，都在玩限速2. 01M的大地遊戲，連3G時代均速都不到，還期待啥快5-10倍，3G時代最高速是75M，現在4G最低速是2.01M，大家有 沒有覺得世事如棋、乾坤莫測、笑盡....大家還是用最便宜的就好,中華和亞太，都在玩限速2. 01M的大地遊戲，連3G時代均速都不到，還期待啥快5-10倍，3G時代最高速是75M，現在4G最低速是2.01M，大家有 沒有覺得世事如棋、乾坤莫測、笑盡....大家還是用最便宜的就好
4,387,23165,TRUE,遠傳電信,[通訊]頻段,也給遠傳洗臉，象徵中華跟台哥大是6月同天開台，而遠傳卻要到7月才開台,1,也給遠傳洗臉，象徵中華跟台哥大是6月同天開台，而遠傳卻要到7月才開台,也給遠傳洗臉，象徵中華跟台哥大是6月同天開台，而遠傳卻要到7月才開台
4,387,23165,TRUE,臺灣大哥大,,台哥根本不是三雄…,1,台哥根本不是三雄…,台哥根本不是三雄…
4,387,23165,FALSE,臺灣大哥大,[通訊]頻段,少，又是魚尾，把消費者當小孩唬？,1,,頻段
4,854,50468,FALSE,中華電信,[通訊]涵蓋,死角，連speedtest都跑不出來,2,,
4,672,39766,FALSE,中華電信,,超卡，慢到要切成3G還比較快,2,,
4,672,39766,TRUE,中華電信,[通訊]網速,中華超卡，慢到要切成3G還比較快,2,中華超卡，慢到要切成3G還比較快,中華超卡，慢到要切成3G還比較快
4,672,39766,TRUE,,[通訊]網速,5G覆蓋率就真的不行,2,5G覆蓋率就真的不行,5G覆蓋率就真的不行
4,482,28690,FALSE,遠傳電信,,,4,,
4,482,28690,TRUE,遠傳電信,,證明遠傳設計的比較好 👍,4,證明遠傳設計的比較好 👍,證明遠傳設計的比較好 👍
4,482,28690,FALSE,中華電信,[資費]月租費,比較厲害啦,4,,
4,482,28690,FALSE,中華電信,[通訊]頻段,也最大,4,,
4,482,28690,FALSE,中華電信,[通訊]網速,太爛,2,,訊號網速
4,142,9701,FALSE,中華電信,[通訊]網速,OK,3,,
5,51,3020,FALSE,遠傳電信,[通訊]頻段,很期待,4,遠傳,5G
5,63,3870,FALSE,中華電信,[通訊]網速,轉圈圈,2,中華,4G
5,79,4942,FALSE,亞太電信,[加值]vowifi,真的很方便,5,亞太,vowifi
5,57,3624,TRUE,亞太電信,[通訊]頻段,亞太：陪公子練劍,2,亞太：陪公子練劍,亞太：陪公子練劍
5,13,1068,TRUE,亞太電信,[通訊]涵蓋,亞太倒是增加不少.只是都沒增加到我們家這,2,亞太倒是增加不少.只是都沒增加到我們家這,亞太倒是增加不少.只是都沒增加到我們家這
5,52,3064,FALSE,臺灣大哥大,[其他]客服,好囉嗦,2,台哥大,解約
5,89,5835,FALSE,中華電信,[資費]方案活動,質感不錯,4,中華,配的家電
5,89,5835,FALSE,中華電信,[資費]方案活動,也不錯説,4,中華,家電方案
5,89,5835,FALSE,中華電信,[資費]方案活動,太吸引人了吧,5,中華,家電
5,344,20691,TRUE,臺灣大哥大,,台哥大不安，我也不安,2,台哥大不安，我也不安,台哥大不安，我也不安
5,736,42592,TRUE,中華電信,[加值]影音娛樂,紀錄片貧脊到 可悲,1,紀錄片貧脊到 可悲,紀錄片貧脊到 可悲
5,736,42592,TRUE,中華電信,[加值]影音娛樂,位元率太低畫質很糟糕,1,位元率太低畫質很糟糕,位元率太低畫質很糟糕
5,736,42592,TRUE,中華電信,[加值]影音娛樂,幹嘛還訂閱fox+,2,幹嘛還訂閱fox+,幹嘛還訂閱fox+
5,66,3957,FALSE,中華電信,[通訊]涵蓋,收不到,2,中華電信,訊號
5,1,107,FALSE,中華電信,[通訊]網速,很順,4,中華,網路
5,1,107,TRUE,中華電信,[通訊]網速,中華很給力,4,中華很給力,中華很給力
5,1,107,TRUE,中華電信,[通訊]網速,中華一直很強 也很貴,3,中華一直很強 也很貴,中華一直很強 也很貴
5,553,32410,FALSE,中華電信,[資費]低資費方案,很少有斷網情形發生,4,中華,預付卡
5,532,31118,TRUE,中華電信,,這就是坑錢啊。,1,這就是坑錢啊。,這就是坑錢啊。
5,10,729,TRUE,臺灣大哥大,[通訊]涵蓋,台哥收訊...NP準備被靠北到死,2,台哥收訊...NP準備被靠北到死,台哥收訊...NP準備被靠北到死
5,10,729,TRUE,中華電信,[資費]月租費,一直被當盤仔繳錢（她中華的）每個月都繳1399,2,一直被當盤仔繳錢（她中華的）每個月都繳1399,一直被當盤仔繳錢（她中華的）每個月都繳1399
5,533,31207,FALSE,臺灣之星,[通訊]網速,雞肋,2,台灣之星,上傳
5,2,121,FALSE,臺灣之星,[資費]方案活動,比之前中華469的21M好,4,台星,299
5,45,2533,TRUE,中華電信,[加值]影音娛樂,HamiPay 再度無法下載,1,HamiPay 再度無法下載,HamiPay 再度無法下載
5,60,3830,FALSE,中華電信,[資費]方案活動,都ok,4,中華,母親節499
5,60,3830,FALSE,中華電信,[資費]方案活動,被限速了,2,中華,母親節499
5,58,3734,FALSE,中華電信,[通訊]涵蓋,不好,2,中華,信號
5,61,3834,TRUE,,[通訊]網速,目前都用499在撑但網速實在不給力,2,目前都用499在撑但網速實在不給力,目前都用499在撑但網速實在不給力
5,100,6904,FALSE,中華電信,[通訊]涵蓋,都很差,2,中華,訊號
5,100,6904,TRUE,臺灣大哥大,[通訊]涵蓋,台哥大算中規中矩,3,台哥大算中規中矩,台哥大算中規中矩
5,100,6904,TRUE,中華電信,[通訊]網速,中華我辦過試用卡 很慘,2,中華我辦過試用卡 很慘,中華我辦過試用卡 很慘
5,100,6904,TRUE,中華電信,[通訊]網速,中華那樣看個YOUTUBE可以一直轉圈,2,中華那樣看個YOUTUBE可以一直轉圈,中華那樣看個YOUTUBE可以一直轉圈
5,380,22091,FALSE,遠傳電信,[資費]方案活動,很滿意沒話說嘴,5,遠傳,319不限速吃到飽
5,470,26202,FALSE,臺灣大哥大,[資費]月租費,8想再花大錢被騙惹,2,台哥大,繳1399費率
5,22,1282,TRUE,中華電信,,以前問中華電信說想要裝都不給裝,2,以前問中華電信說想要裝都不給裝,以前問中華電信說想要裝都不給裝
5,14,1085,TRUE,亞太電信,[加值]電信APP,"GtPay的""智慧繳費""很好用",4,"GtPay的""智慧繳費""很好用","GtPay的""智慧繳費""很好用"
5,56,3536,TRUE,亞太電信,,亞太這麼沒志氣,2,亞太這麼沒志氣,亞太這麼沒志氣
5,34,2290,TRUE,中華電信,[加值]影音娛樂,Hami Point用途多多,4,Hami Point用途多多,Hami Point用途多多
5,77,4634,TRUE,中華電信,[加值]影音娛樂,租myvideo黑魔女2來看爽,4,租myvideo黑魔女2來看爽,租myvideo黑魔女2來看爽
5,77,4634,TRUE,中華電信,[加值]影音娛樂,推在家看myvideo,4,推在家看myvideo,推在家看myvideo
5,121,8088,FALSE,中華電信,[通訊]網速,比較有保障,4,中華,收訊
5,121,8088,TRUE,中華電信,[通訊]網速,穩定的中華電信,4,穩定的中華電信,穩定的中華電信
5,121,8088,FALSE,中華電信,[通訊]網速,好,4,中華,訊號
5,64,3877,TRUE,遠傳電信,[加值]國際漫遊,反推遠遊卡，超崩潰,2,反推遠遊卡，超崩潰,反推遠遊卡，超崩潰
5,64,3877,FALSE,中華電信,[加值]國際漫遊,收訊ok,4,中華,原號漫遊
5,4,286,FALSE,中華電信,[通訊]網速,順暢,4,中華,網路
5,4,286,FALSE,中華電信,[通訊]涵蓋,很好,4,中華,收訊
5,407,23015,TRUE,中華電信,[通訊]網速,有上限還叫吃到飽?,2,有上限還叫吃到飽?,有上限還叫吃到飽?
5,147,9245,TRUE,中華電信,[通訊]網速,中華只有收費沒有品質嗎？,1,中華只有收費沒有品質嗎？,中華只有收費沒有品質嗎？
5,88,5716,FALSE,中華電信,[通訊]涵蓋,比較期待,4,中華,5G建設
5,846,49095,FALSE,中華電信,[通訊]網速,有限制上 量容量,2,中華,5G
5,846,49095,FALSE,中華電信,[通訊]網速,讓人每月上到幾T,,中華電信,4G網路吃到飽
5,846,49095,FALSE,臺灣之星,[通訊]網速,限速,,台灣之星,網路吃到飽
5,37,2422,FALSE,遠傳電信,[通訊]頻段,多,4,遠傳,頻段
5,37,2422,FALSE,臺灣之星,[通訊]頻段,很積極很努力,4,台星,5G
5,50,2846,TRUE,遠傳電信,[資費]方案活動,不限速吃到飽這399還不 錯,4,不限速吃到飽這399還不 錯,不限速吃到飽這399還不 錯
5,50,2846,TRUE,遠傳電信,[資費]方案活動,319速度比較慢,2,319速度比較慢,319速度比較慢
5,62,3838,TRUE,中華電信,[加值]影音娛樂,hami這個活動挺不錯的,4,hami這個活動挺不錯的,hami這個活動挺不錯的
5,62,3838,TRUE,中華電信,[加值]影音娛樂,看電影然後又有hami點數拿真的蠻爽的~,4,看電影然後又有hami點數拿真的蠻爽的~,看電影然後又有hami點數拿真的蠻爽的~
5,74,4564,TRUE,臺灣大哥大,[加值]影音娛樂,常用myVideo看電影，費用其實不會太高,4,常用myVideo看電影，費用其實不會太高,常用myVideo看電影，費用其實不會太高
5,381,22093,FALSE,臺灣之星,[通訊]網速,完全不考慮,2,台星,速度
5,381,22093,FALSE,遠傳電信,[通訊]網速,比較快,4,遠傳,網速
5,24,1405,TRUE,中華電信,[通訊]網速,我中華電信也會卡耶這一定是統戰,2,我中華電信也會卡耶這一定是統戰,我中華電信也會卡耶這一定是統戰
5,30,2237,FALSE,,[通訊]涵蓋,CP值還滿高的,4,亞太,基地台
5,273,16203,TRUE,臺灣大哥大,[加值]影音娛樂,MyVideo免費也很多,4,MyVideo免費也很多,MyVideo免費也很多
5,273,16203,TRUE,臺灣大哥大,[加值]影音娛樂,同推myVideo介面很好上手 分類滿細 也常常有推薦的片單然後它也有家庭方案 月費沒有Netflix這麼高 算滿親民的,4,同推myVideo介面很好上手 分類滿細 也常常有推薦的片單然後它也有家庭方案 月費沒有Netflix這麼高 算滿親民的,同推myVideo介面很好上手 分類滿細 也常常有推薦的片單然後它也有家庭方案 月費沒有Netflix這麼高 算滿親民的
5,71,4190,TRUE,,[通訊]網速,比過年前還慢,2,比過年前還慢,比過年前還慢
5,71,4190,TRUE,,[通訊]網速,慢到閃退 差點殺人！,1,慢到閃退 差點殺人！,慢到閃退 差點殺人！
5,47,2661,FALSE,臺灣大哥大,[通訊]頻段,混,2,台哥,5G
5,47,2661,TRUE,亞太電信,[通訊]頻段,亞太又放棄，郭董你還是把亞太賣給有心經營的人吧！,2,亞太又放棄，郭董你還是把亞太賣給有心經營的人吧！,亞太又放棄，郭董你還是把亞太賣給有心經營的人吧！
5,47,2661,TRUE,亞太電信,[通訊]頻段,用過都說”幹”,1,用過都說”幹”,用過都說”幹”
5,54,3264,TRUE,中華電信,[資費]月租費,資費稍高應該是可以接受的,3,資費稍高應該是可以接受的,資費稍高應該是可以接受的
5,68,3988,FALSE,中華電信,[通訊]涵蓋,最多,4,中華,基地台
5,68,3988,FALSE,中華電信,[通訊]涵蓋,還蠻穩定的,4,中華,涵蓋
5,594,34580,TRUE,亞太電信,[通訊]網速,沒比亞太難用吧？,1,沒比亞太難用吧？,沒比亞太難用吧？
5,594,34580,TRUE,臺灣大哥大,[通訊]網速,台哥大最好使,4,台哥大最好使,台哥大最好使
5,352,20973,FALSE,遠傳電信,[通訊]網速,個人還蠻期待開台,4,遠傳,網速
5,49,2762,TRUE,亞太電信,[資費]月租費,這個費率已經比以前輕鬆很多了,4,這個費率已經比以前輕鬆很多了,這個費率已經比以前輕鬆很多了
5,760,44142,FALSE,中華電信,[通訊]網速,爛,2,中華,網路
5,905,53133,FALSE,中華電信,,選擇多,4,中華,訊號
5,905,53133,FALSE,中華電信,[資費]方案活動,太貴了,2,中華,5G
5,905,53133,FALSE,中華電信,[通訊]頻段,大,4,中華,頻寬
5,905,53133,TRUE,中華電信,,對其品質較有信心,4,對其品質較有信心,對其品質較有信心
5,25,1412,TRUE,中華電信,[資費]方案活動,不考慮488+空機，老媽覺得麻煩,2,不考慮488+空機，老媽覺得麻煩,不考慮488+空機，老媽覺得麻煩
5,29,1958,TRUE,,[其他]客服,回覆完全敷衍了事,2,回覆完全敷衍了事,回覆完全敷衍了事
5,930,54600,TRUE,中華電信,[通訊]網速,預付卡 只有悲劇而已,2,預付卡 只有悲劇而已,預付卡 只有悲劇而已
5,930,54600,TRUE,中華電信,[通訊]網速,比較慢+1,2,比較慢+1,比較慢+1
5,700,40391,FALSE,中華電信,[通訊]網速,變慢了,2,中華,網速
5,700,40391,FALSE,臺灣之星,,最好,4,台星,訊號
5,700,40391,FALSE,中華電信,[通訊]網速,最差,2,中華,訊號
5,700,40391,TRUE,中華電信,[通訊]限速,中華吃不飽,2,中華吃不飽,中華吃不飽
5,700,40391,FALSE,中華電信,[通訊]網速,沒有號稱的那麼強,2,中華電信,收訊
5,229,13995,FALSE,中華電信,[其他]客服,不怎麼樣,2,中華,對老客戶
5,229,13995,FALSE,臺灣大哥大,[通訊]網速,比中華差很多,2,台哥,訊號
5,229,13995,FALSE,臺灣大哥大,[通訊]網速,比較好一點,4,台哥,收訊
5,229,13995,TRUE,臺灣大哥大,[通訊]網速,台哥好像跟遠傳五五波,3,台哥好像跟遠傳五五波,台哥好像跟遠傳五五波
5,229,13995,FALSE,臺灣大哥大,[其他]客服,和直營門市前後不一態度搞得很美送,1,買MY縫,客服
5,229,13995,TRUE,遠傳電信,[其他]客服,遠傳直營自營選擇看櫃員是不是好人，被通訊行坑過但也被直營唬爛過,2,遠傳直營自營選擇看櫃員是不是好人，被通訊行坑過但也被直營唬爛過,遠傳直營自營選擇看櫃員是不是好人，被通訊行坑過但也被直營唬爛過
5,616,35794,FALSE,中華電信,[通訊]限速,沒有覺跑不動,4,中華,降速
5,32,2279,FALSE,中華電信,[資費]月租費,佛心來的,4,中華,一個月如果只要2000-4500以內
5,32,2279,TRUE,中華電信,[通訊]涵蓋,爽，又是中華跟遠傳佔最多~!!,4,爽，又是中華跟遠傳佔最多~!!,爽，又是中華跟遠傳佔最多~!!
5,35,2311,FALSE,臺灣大哥大,[通訊]頻段,混,2,台哥,5G
5,27,1614,FALSE,遠傳電信,[資費]月租費,不錯,4,遠傳,資費
5,92,5944,TRUE,中華電信,[資費]方案活動,續約488是不可能的，我 21年老客戶了，沒有任何留我的意思,1,續約488是不可能的，我 21年老客戶了，沒有任何留我的意思,續約488是不可能的，我 21年老客戶了，沒有任何留我的意思
5,92,5944,FALSE,中華電信,[資費]方案活動,老客戶跟本是屁一樣,1,中華,488專案
5,92,5944,FALSE,中華電信,[資費]方案活動,真的不把老客戶當人看呀,1,中華,499與488的方案
5,15,1119,TRUE,亞太電信,[通訊]涵蓋,亞太比較落漆,2,亞太比較落漆,亞太比較落漆
5,97,6693,TRUE,亞太電信,[通訊]網速,我用亞太也是很順,4,我用亞太也是很順,我用亞太也是很順
5,95,6400,TRUE,中華電信,[通訊]網速,中華，不知道是我經過的區域使用人特別多還是其他原因，就是用一用突然很頓,2,中華，不知道是我經過的區域使用人特別多還是其他原因，就是用一用突然很頓,中華，不知道是我經過的區域使用人特別多還是其他原因，就是用一用突然很頓
5,558,32612,FALSE,中華電信,,秒斷秒連,,中華,寬頻
5,87,5228,TRUE,中華電信,[通訊]網速,還是中華好用,4,還是中華好用,還是中華好用
5,753,43517,FALSE,遠傳電信,[通訊]網速,比中華 強,4,遠傳,4G訊號
5,753,43517,FALSE,中華電信,[通訊]網速,比較快,4,中華,速度
5,339,20004,FALSE,中華電信,[通訊]網速,真實不降速,4,中華電信,吃到飽
5,96,6429,FALSE,臺灣大哥大,[通訊]限速,很嚴重,2,台哥,降速
5,96,6429,FALSE,臺灣大哥大,[通訊]限速,獲利新寵兒,2,台哥,降速
5,96,6429,FALSE,中華電信,[通訊]頻段,比台哥強丫,4,中華,訊號
5,96,6429,FALSE,臺灣大哥大,[資費]方案活動,慢到靠北,2,台哥大,999
5,96,6429,FALSE,中華電信,[通訊]網速,比台哥穏,4,中華,網路
5,770,44403,FALSE,中華電信,[資費]月租費,死豬價,2,中華,價格
5,770,44403,FALSE,遠傳電信,[通訊]頻段,比較多,4,遠傳,頻段
5,91,5943,TRUE,遠傳電信,,遠傳的表現真的不好,2,遠傳的表現真的不好,遠傳的表現真的不好
5,737,42610,FALSE,中華電信,[通訊]網速,很不穩定,1,中 華電信,5G
5,737,42610,TRUE,中華電信,[通訊]網速,"不是中華電信的問題,默默的切回4G,為速度而生,因比較而死!",3,"不是中華電信的問題,默默的切回4G,為速度而生,因比較而死!","不是中華電信的問題,默默的切回4G,為速度而生,因比較而死!"
5,497,28524,FALSE,遠傳電信,[通訊]網速,普通沒到差,3,遠傳,訊號
5,497,28524,FALSE,中華電信,[通訊]網速,好像很差,2,中華,訊號
5,497,28524,FALSE,中華電信,[通訊]網速,普遍不錯,4,中華,收訊
5,497,28524,TRUE,中華電信,[通訊]網速,中華現在死角蠻多的 別以為在市區會沒事,2,中華現在死角蠻多的 別以為在市區會沒事,中華現在死角蠻多的 別以為在市區會沒事
5,497,28524,TRUE,中華電信,[通訊]網速,市區一堆人用中華自然慢,2,市區一堆人用中華自然慢,市區一堆人用中華自然慢
5,841,48850,FALSE,中華電信,[通訊]網速,不好,2,中華電信,收訊
5,652,37934,TRUE,中華電信,[通訊]網速,打遊戲打到一半也可以斷線 4G還可以變成3G,1,打遊戲打到一半也可以斷線 4G還可以變成3G,打遊戲打到一半也可以斷線 4G還可以變成3G
5,359,21814,TRUE,臺灣之星,[通訊]網速,台灣之星也不錯 說不定有天能迎頭趕上喔,4,台灣之星也不錯 說不定有天能迎頭趕上喔,台灣之星也不錯 說不定有天能迎頭趕上喔
5,359,21814,TRUE,遠傳電信,[通訊]網速,我本身主門號是遠傳電信，我感受不到統計該有的體驗。,2,我本身主門號是遠傳電信，我感受不到統計該有的體驗。,我本身主門號是遠傳電信，我感受不到統計該有的體驗。
5,359,21814,FALSE,,[通訊]網速,都不會太差,4,中華,訊號
5,359,21814,FALSE,中華電信,[資費]月租費,還是有點高,2,中華,月租費
5,359,21814,FALSE,中華電信,[通訊]網速,比較穩定,4,中華電信,網路訊號
5,359,21814,TRUE,中華電信,,中華品質向來表現穩定有口碑,5,中華品質向來表現穩定有口碑,中華品質向來表現穩定有口碑
5,98,6855,TRUE,中華電信,[通訊]頻段,國營事業不意外…,3,國營事業不意外…,國營事業不意外…
5,98,6855,TRUE,中華電信,[通訊]頻段,有錢決定一切,3,有錢決定一切,有錢決定一切
5,90,5890,FALSE,中華電信,[資費]方案活動,不管搜尋什麼都很快,4,中華電信,吃到飽
5,84,5118,FALSE,中華電信,[其他]手機,很好的,4,中華,換機
5,8,641,FALSE,臺灣大哥大,[通訊]網速,ok,3,台哥,網速
6,234,14001,FALSE,中華電信,[通訊]網速,變好,4,中華電信,網路
6,743,42414,FALSE,臺灣大哥大,[通訊]網速,不是很穩定,2,台哥大,5G訊號
6,66,4255,FALSE,中華電信,[其他]固網,最貴,2,中華,線路
6,382,21896,FALSE,中華電信,[資費]方案活動,不吸引,2,中華電信,方案
6,58,3772,TRUE,中華電信,[資費]續約攜碼,傻瓜才抓CH，拜託...綁了快30年，跑了 N遍仍要不到優惠,1,傻瓜才抓CH，拜託...綁了快30年，跑了 N遍仍要不到優惠,傻瓜才抓CH，拜託...綁了快30年，跑了 N遍仍要不到優惠
6,58,3772,FALSE,遠傳電信,[通訊]網速,強,4,遠傳,信號
6,940,55494,FALSE,臺灣之星,[通訊]頻段,,-1,台星,5G
6,940,55494,TRUE,臺灣之星,[通訊]頻段,台星5G＝三雄4.5G,4,台星5G＝三雄4.5G,台星5G＝三雄4.5G
6,490,26281,FALSE,臺灣之星,[資費]方案活動,只要188,,台灣之星,不限速吃到飽
6,490,26281,TRUE,中華電信,[資費]方案活動,辦499根本盤,1,辦499根本盤,辦499根本盤
6,59,3805,TRUE,中華電信,[通訊]網速,中華就最沒誠意又摳門昨天那圖示就消失大概中華覺得太多人在等這個簽到，賺不到儲值的錢,1,中華就最沒誠意又摳門昨天那圖示就消失大概中華覺得太多人在等這個簽到，賺不到儲值的錢,中華就最沒誠意又摳門昨天那圖示就消失大概中華覺得太多人在等這個簽到，賺不到儲值的錢
6,638,35047,FALSE,中華電信,[通訊]網速,當然選,5,中華,山區偏遠地區
6,638,35047,FALSE,中華電信,[通訊]網速,最多,5,中華,基地台
6,22,1406,FALSE,中華電信,[通訊]網速,最近開始都會有些延遲,2,中華電信,4G跟家用網路
6,14,1184,FALSE,中華電信,[資費]方案活動,可以參考,3,中華電信,新春方案
6,14,1184,FALSE,中華電信,[資費]方案活動,不夠意思,2,中華電信,新春購機優惠
6,56,3654,FALSE,亞太電信,[加值]國際漫遊,真的不錯用,4,亞太,亞太暢玩卡
6,42,2623,FALSE,中華電信,[通訊]涵蓋,穩定,5,中華,收訊
6,5,393,FALSE,亞太電信,[通訊]網速,超順完全沒有lag,5,亞太,138
6,417,22579,FALSE,遠傳電信,[通訊]網速,真的不好,2,遠傳,收訊
6,407,22311,FALSE,中華電信,[資費]月租費,昂貴,2,中華,5G方案
6,160,9649,FALSE,遠傳電信,[通訊]網速,多,3,遠傳,基地台
6,88,5712,TRUE,臺灣之星,[通訊]網速,辣些說遠傳糞的 我看你們是沒享受過台灣之星吼,1,辣些說遠傳糞的 我看你們是沒享受過台灣之星吼,辣些說遠傳糞的 我看你們是沒享受過台灣之星吼
6,707,39156,FALSE,中華電信,[資費]月租費,還可以,4,中華,599
6,707,39156,FALSE,臺灣大哥大,[資費]月租費,比起各家較有優勢,3,台哥,資費價格
6,54,3485,FALSE,亞太電信,[通訊]網速,超級 爛,1,亞太電信,網路品質
6,54,3485,FALSE,亞太電信,[其他]客服,爛,1,亞太電信,服務態度
6,72,4562,FALSE,臺灣大哥大,[加值]國際漫遊,沒問題,5,台哥,預付卡漫游
6,20,1364,FALSE,中華電信,[資費]月租費,秒選,5,中華,488真4G
6,68,4376,FALSE,中華電信,,塞得 很慘,2,中華,
6,68,4376,TRUE,中華電信,[通訊]網速,中華在下班後每天都塞得 很慘,2,中華在下班後每天都塞得 很慘,中華在下班後每天都塞得 很慘
6,49,2971,TRUE,中華電信,[通訊]網速,5G網路排名是1.中華2.遠傳3.台灣大4.台星之星，亞太直接出局!,5,5G網路排名是1.中華2.遠傳3.台灣大4.台星之星，亞太直接出局!,5G網路排名是1.中華2.遠傳3.台灣大4.台星之星，亞太直接出局!
6,159,9540,FALSE,遠傳電信,[通訊]頻段,一點也不期待,1,遠傳,5G夢幻頻譜
6,159,9540,FALSE,中華電信,[通訊]頻段,期待,4,中華,5G
6,48,2937,FALSE,遠傳電信,[其他]帳單繳費,蠻有心的,5,遠傳,調整營業時間和延長繳費
6,270,16055,FALSE,中華電信,[通訊]網速,比較快且有感差異,4,中華,速度
6,270,16055,FALSE,遠傳電信,[通訊]網速,爛透了,1,遠傳,訊號
6,294,17111,FALSE,,,蠻穩的,,遠傳,訊號
6,294,17111,FALSE,中華電信,[其他]客服,刁,1,中華,老客戶
6,507,27209,FALSE,臺灣大哥大,[資費]方案活動,不錯,4,台哥,新朋友
6,82,5168,FALSE,中華電信,[通訊]涵蓋,比較有保障,5,中華,訊號
6,284,16819,FALSE,亞太電信,[資費]方案活動,超級划算,4,亞太,新方案
6,83,5224,FALSE,遠傳電信,[通訊]網速,最快,4,遠傳,網速
6,17,1210,FALSE,中華電信,[資費]方案活動,那麼爛,1,中華電信,續約方案
6,17,1210,FALSE,中華電信,[資費]方案活動,超沒競爭力的,1,中華,合約
6,376,21573,FALSE,中華電信,[通訊]網速,廢到笑,1,中華,訊號
6,334,19282,FALSE,臺灣之星,[資費]方案活動,穩定超便宜的,5,台灣之星,雙11方案
6,334,19282,FALSE,臺灣之星,[資費]方案活動,很好用,5,台灣之星,一門
6,15,1189,FALSE,中華電信,[通訊]網速,最好,5,中華,體驗
6,97,6000,FALSE,中華電信,[通訊]網速,,-1,中華,4G
6,97,6000,FALSE,中華電信,[通訊]頻段,挺期待,5,中華,5g
6,97,6000,FALSE,中華電信,[通訊]頻段,值得期待,4,中華,5G
6,97,6000,FALSE,中華電信,[通訊]網速,真的讓人驚豔,5,中華,網速
6,890,51931,FALSE,中華電信,[通訊]網速,這麼差,1,中華電信,網速
6,95,5990,FALSE,中華電信,[通訊]涵蓋,山郊區還是首推,5,中華,訊號
6,28,1898,FALSE,臺灣之星,[通訊]網速,我Pass,1,台灣之星,訊號
6,75,4863,FALSE,中華電信,[通訊]頻段,很期待,5,中華,5G建設
6,457,24208,FALSE,中華電信,[通訊]頻段,就是爛,1,中華,5G
6,38,2553,FALSE,遠傳電信,,快多了,5,遠傳,
6,38,2553,TRUE,遠傳電信,[通訊]網速,遠傳超屌 客戶少了中華3百萬以上 頻寬跟中華只差10M Hz 平均來說 遠傳比中華快多了,5,遠傳超屌 客戶少了中華3百萬以上 頻寬跟中華只差10M Hz 平均來說 遠傳比中華快多了,遠傳超屌 客戶少了中華3百萬以上 頻寬跟中華只差10M Hz 平均來說 遠傳比中華快多了
6,440,23817,TRUE,中華電信,[資費]月租費,中華+台哥大合體 & 在5G非吃到飽部分比較有創意,4,中華+台哥大合體 & 在5G非吃到飽部分比較有創意,中華+台哥大合體 & 在5G非吃到飽部分比較有創意
6,36,2460,FALSE,中華電信,[通訊]網速,很奇怪,2,中華電信,網路
6,99,6196,FALSE,中華電信,[通訊]涵蓋,比較好,4,中華,收訊
6,46,2833,FALSE,中華電信,[通訊]網速,還不錯欸沒有LAG問題,5,中華電信,5G